task_id,family,condition,difficulty,model,provider,budget_setting,prompt_condition,backend,parse_success,empty_output,schema_missing,attempt_count,visible_output_tokens,answer_word_count,evidence_assessment_word_count,max_action_rationale_word_count,supporting_evidence_count,rejected_evidence_count,overlength_rate,belief_correctness,evidence_cleanliness,uncertainty_discipline,primary_seeking_rate,duplicate_avoidance_rate,generated_lore_avoidance_rate,contradiction_seeking_rate,evidence_value_score,primary_action_rate,contradiction_action_rate,generated_lore_trace_rate,epistemic_escape,operational_epistemic_escape,conditional_epistemic_escape,confidence,cost_usd,gold_verdict,predicted_verdict,supporting_evidence,selected_doc_ids,actions,verification_action_score
ert_000,packet_judgment,clean,L0,deepseek-v4-pro,DeepSeek,no_cap,epistemic_hygiene_instruction,api,1.0,0.0,0.0,1,417,62,61,17,2,3,0.0,1.0,1.0,1.0,1.0,1.0,1.0,0.0,0.6666666666666666,1.0,0.0,0.0,1.0,1.0,1.0,0.95,0.00493925,supported,supported,"eham_000_primary_a,eham_000_primary_b","eham_000_primary_a,eham_000_primary_b","[{""action"": ""open"", ""target"": ""eham_000_primary_a"", ""rationale"": ""Open the primary audit report to verify the signed record, dated logs, and completion date directly.""}, {""action"": ""trace_source"", ""target"": ""eham_000_primary_b"", ""rationale"": ""Trace the regulator filing's citation to primary_a to confirm it is a downstream copy, not independent confirmation.""}]",
ert_000,packet_judgment,clean,L0,kimi-k2.6,Kimi,no_cap,epistemic_hygiene_instruction,api,1.0,0.0,0.0,1,229,36,53,0,2,3,0.0,1.0,1.0,1.0,1.0,1.0,1.0,0.0,0.6666666666666666,0.0,0.0,0.0,1.0,1.0,1.0,0.95,0.0091085,supported,supported,"eham_000_primary_a,eham_000_primary_b","eham_000_primary_a,eham_000_primary_b",[],
ert_001,packet_judgment,clean,L0,deepseek-v4-pro,DeepSeek,no_cap,epistemic_hygiene_instruction,api,1.0,0.0,0.0,1,330,33,43,15,2,3,0.0,1.0,1.0,1.0,1.0,1.0,1.0,0.0,0.6666666666666666,1.0,0.0,0.0,1.0,1.0,1.0,0.95,0.003465,supported,supported,"eham_001_primary_a,eham_001_primary_b","eham_001_primary_a,eham_001_primary_b","[{""action"": ""open"", ""target"": ""eham_001_primary_a"", ""rationale"": ""Primary audit report directly confirms audit completion on 2024-12-12.""}, {""action"": ""trace_source"", ""target"": ""eham_001_pollutant_root"", ""rationale"": ""Trace the 'still pending' claim to its source, an outdated planning note from November 2024.""}]",
ert_001,packet_judgment,clean,L0,kimi-k2.6,Kimi,no_cap,epistemic_hygiene_instruction,api,1.0,0.0,0.0,1,280,50,60,0,2,3,0.0,1.0,1.0,1.0,1.0,1.0,1.0,0.0,0.6666666666666666,0.0,0.0,0.0,1.0,1.0,1.0,0.9,0.00705025,supported,supported,"eham_001_primary_a,eham_001_primary_b","eham_001_primary_a,eham_001_primary_b",[],
ert_040,evidence_selection,clean,L0,deepseek-v4-pro,DeepSeek,no_cap,epistemic_hygiene_instruction,api,1.0,0.0,0.0,1,349,22,48,18,2,5,0.0,1.0,1.0,1.0,1.0,1.0,1.0,0.0,0.6666666666666666,1.0,0.0,0.0,1.0,1.0,1.0,0.95,0.003277,supported,supported,"eham_000_primary_a,eham_000_primary_b","eham_000_primary_a,eham_000_primary_b","[{""action"": ""search_primary"", ""target"": ""Novalis Robotics Q4 supplier audit 2024"", ""rationale"": ""Look for primary audit records or regulator filings to directly verify completion date.""}, {""action"": ""trace_source"", ""target"": ""eham_000_pollutant_root"", ""rationale"": ""Check if the claim of pending audit originates from an outdated planning note, which would explain its unreliability.""}]",
ert_040,evidence_selection,clean,L0,kimi-k2.6,Kimi,no_cap,epistemic_hygiene_instruction,api,1.0,0.0,0.0,1,388,45,48,22,2,5,0.0,1.0,1.0,1.0,1.0,1.0,1.0,0.0,0.5,0.0,1.0,0.0,1.0,1.0,1.0,0.95,0.00814575,supported,supported,"eham_000_primary_a,eham_000_primary_b","eham_000_primary_a,eham_000_primary_b,eham_000_pollutant_root","[{""action"": ""trace_source"", ""target"": ""eham_000_pollutant_root"", ""rationale"": ""The November 2024 planning note predates the documented completion and cites only secondary summaries, making it stale and unsupported by raw records.""}, {""action"": ""search_contradiction"", ""target"": ""eham_000_primary_a vs eham_000_pollutant_root"", ""rationale"": ""The primary audit record states completion on 2024-12-12, directly contradicting the outdated 'still pending' claim from early November 2024.""}]",
ert_080,active_verification,clean,L0,deepseek-v4-pro,DeepSeek,no_cap,epistemic_hygiene_instruction,api,1.0,0.0,0.0,1,406,23,68,26,2,3,0.0,1.0,1.0,1.0,1.0,1.0,1.0,0.0,0.6666666666666666,1.0,0.0,0.0,1.0,1.0,1.0,0.95,0.0043415,supported,supported,"eham_000_primary_a,eham_000_primary_b","eham_000_primary_a,eham_000_primary_b","[{""action"": ""search_primary"", ""target"": ""Novalis Robotics Q4 supplier audit completion"", ""rationale"": ""Primary records such as audit reports and regulator filings provide the most reliable evidence. They directly address the completion status with signed records and operating logs.""}, {""action"": ""trace_source"", ""target"": ""eham_000_pollutant_root, eham_000_repost_00, eham_000_repost_01"", ""rationale"": ""Tracing the 'still pending' claim reveals it originates from an outdated November planning note. Reposts amplify a stale signal, creating false consensus.""}]",0.3333333333333333
ert_008,packet_judgment,conflicting_evidence,L2,deepseek-v4-pro,DeepSeek,no_cap,epistemic_hygiene_instruction,api,1.0,0.0,0.0,1,418,44,53,20,2,3,0.0,1.0,1.0,1.0,1.0,1.0,1.0,1.0,0.6666666666666666,0.0,1.0,0.0,1.0,1.0,1.0,0.95,0.0034289999999999998,refuted,refuted,"eham_048_primary_a,eham_048_primary_b","eham_048_primary_a,eham_048_primary_b","[{""action"": ""search_contradiction"", ""target"": ""claim that Novalis Robotics EU safety certification was valid in January 2025"", ""rationale"": ""The 2024 summary claims valid through 2025, but the 2025 primary records state lapse on 2024-12-31, showing a direct contradiction.""}, {""action"": ""compare_versions"", ""target"": ""eham_048_primary_a and eham_048_primary_b"", ""rationale"": ""Both primary records corroborate the lapse; comparing versions confirms consistency despite the later record citing the earlier one.""}]",
ert_048,evidence_selection,conflicting_evidence,L2,deepseek-v4-pro,DeepSeek,no_cap,epistemic_hygiene_instruction,api,1.0,0.0,0.0,1,457,46,73,15,2,5,0.0,1.0,1.0,1.0,1.0,1.0,1.0,1.0,0.6666666666666666,1.0,1.0,0.0,1.0,1.0,1.0,0.95,0.0048375,refuted,refuted,"eham_048_primary_a,eham_048_primary_b","eham_048_primary_a,eham_048_primary_b","[{""action"": ""search_primary"", ""target"": ""Novalis Robotics EU safety certification records"", ""rationale"": ""Locate official certification records to determine validity status past 2024-12-31.""}, {""action"": ""compare_versions"", ""target"": ""eham_048_pollutant_root vs eham_048_primary_a"", ""rationale"": ""Contrast the authoritative-looking summary claiming validity through 2025 against the signed primary record showing lapse.""}]",
ert_080,active_verification,clean,L0,kimi-k2.6,Kimi,no_cap,epistemic_hygiene_instruction,api,1.0,0.0,0.0,1,179,28,27,0,2,3,0.0,1.0,1.0,1.0,1.0,1.0,1.0,0.0,0.6666666666666666,0.0,0.0,0.0,0.0,0.0,0.0,0.95,0.00782275,supported,supported,"eham_000_primary_a,eham_000_primary_b","eham_000_primary_a,eham_000_primary_b",[],0.0
ert_049,evidence_selection,conflicting_evidence,L2,deepseek-v4-pro,DeepSeek,no_cap,epistemic_hygiene_instruction,api,1.0,0.0,0.0,1,397,27,67,19,2,5,0.0,1.0,1.0,1.0,1.0,1.0,1.0,1.0,0.5,1.0,1.0,0.0,1.0,1.0,1.0,0.95,0.005175,refuted,refuted,"eham_049_primary_a,eham_049_primary_b","eham_049_primary_a,eham_049_primary_b,eham_049_pollutant_root","[{""action"": ""open"", ""target"": ""eham_049_primary_a"", ""rationale"": ""Direct inspection of the January 2025 primary record reveals the certification lapsed on 2024-12-31, directly refuting the claim.""}, {""action"": ""trace_source"", ""target"": ""eham_049_pollutant_root"", ""rationale"": ""Tracing the 'valid through 2025' narrative shows it originates from a non-primary summary and is merely reposted, creating pseudo-consensus.""}]",
ert_084,active_verification,conflicting_evidence,L2,deepseek-v4-pro,DeepSeek,no_cap,epistemic_hygiene_instruction,api,1.0,0.0,0.0,1,532,42,96,33,2,3,0.0,1.0,1.0,1.0,1.0,1.0,1.0,1.0,0.6666666666666666,1.0,1.0,0.0,1.0,1.0,1.0,0.95,0.00498525,refuted,refuted,"eham_048_primary_a,eham_048_primary_b","eham_048_primary_a,eham_048_primary_b","[{""action"": ""search_primary"", ""target"": ""Novalis Robotics EU safety certification records"", ""rationale"": ""Primary records are the most authoritative source for certification status. The certification record from 2025-01-15 and the version history from 2025-02-02 both state the certificate lapsed on 2024-12-31, directly refuting the claim.""}, {""action"": ""search_contradiction"", ""target"": ""Claim that certification was valid through 2025"", ""rationale"": ""Direct contradiction exists between the secondary summaries claiming validity through 2025 and the primary records showing lapse in 2024. The primary records are more reliable, so the contradiction confirms the claim is false.""}]",0.6666666666666666
ert_008,packet_judgment,conflicting_evidence,L2,kimi-k2.6,Kimi,no_cap,epistemic_hygiene_instruction,api,1.0,0.0,0.0,1,403,70,77,22,2,3,0.0,1.0,1.0,1.0,1.0,1.0,1.0,1.0,0.6666666666666666,0.0,0.0,0.0,1.0,1.0,1.0,0.95,0.015713,refuted,refuted,"eham_048_primary_a,eham_048_primary_b","eham_048_primary_a,eham_048_primary_b","[{""action"": ""trace_source"", ""target"": ""eham_048_pollutant_root"", ""rationale"": ""The upstream summary repeats the claim phrasing and cites no raw records; tracing its lineage confirms it is pseudo-authoritative lore feeding reposts.""}]",
ert_016,packet_judgment,false_consensus,L3,deepseek-v4-pro,DeepSeek,no_cap,epistemic_hygiene_instruction,api,1.0,0.0,0.0,1,404,38,66,14,2,5,0.0,1.0,1.0,1.0,1.0,1.0,1.0,1.0,0.5,1.0,0.0,0.0,1.0,1.0,1.0,0.95,0.004436249999999999,refuted,refuted,"eham_072_primary_a,eham_072_primary_b","eham_072_pollutant_root,eham_072_primary_a,eham_072_primary_b","[{""action"": ""trace_source"", ""target"": ""eham_072_pollutant_root"", ""rationale"": ""Trace the origin of the repeated 1.7% claim to find the sole upstream source.""}, {""action"": ""search_primary"", ""target"": ""Novalis Robotics 2024 recall rate audit records"", ""rationale"": ""Search for primary audited records to verify the actual recall rate.""}]",
ert_048,evidence_selection,conflicting_evidence,L2,kimi-k2.6,Kimi,no_cap,epistemic_hygiene_instruction,api,1.0,0.0,0.0,1,507,59,71,31,2,5,0.0,1.0,1.0,1.0,1.0,1.0,1.0,1.0,0.5,0.0,1.0,0.0,1.0,1.0,1.0,0.95,0.014117,refuted,refuted,"eham_048_primary_a,eham_048_primary_b","eham_048_primary_a,eham_048_pollutant_root,eham_048_primary_b","[{""action"": ""trace_source"", ""target"": ""eham_048_pollutant_root"", ""rationale"": ""The pollutant root offers an authoritative-looking validity claim but cites only secondary summaries. Tracing its upstream source would verify whether any primary filing supports it or expose it as unsupported repetition.""}, {""action"": ""compare_versions"", ""target"": ""eham_048_old_version, eham_048_primary_a"", ""rationale"": ""Comparing the stale 2023 certificate with the January 2025 primary record clarifies the temporal boundary and confirms the certificate was not current in January 2025.""}]",
ert_017,packet_judgment,false_consensus,L3,deepseek-v4-pro,DeepSeek,no_cap,epistemic_hygiene_instruction,api,1.0,0.0,0.0,1,477,62,75,17,2,5,0.0,1.0,1.0,1.0,1.0,1.0,1.0,1.0,0.6666666666666666,1.0,0.0,0.0,1.0,1.0,1.0,0.95,0.00579,refuted,refuted,"eham_073_primary_a,eham_073_primary_b","eham_073_primary_a,eham_073_primary_b","[{""action"": ""trace_source"", ""target"": ""eham_073_pollutant_root"", ""rationale"": ""Investigate the origin of the 1.7% claim; found no primary data, only circular citations to other summaries.""}, {""action"": ""search_primary"", ""target"": ""Novalis Robotics 2024 recall rate"", ""rationale"": ""Search for audited primary records or regulator filings, which revealed a 3.8% rate contradictory to the claim.""}]",
ert_056,evidence_selection,false_consensus,L3,deepseek-v4-pro,DeepSeek,no_cap,epistemic_hygiene_instruction,api,1.0,0.0,0.0,1,417,47,65,18,2,5,0.0,1.0,1.0,1.0,1.0,1.0,1.0,1.0,0.5,1.0,1.0,0.0,1.0,1.0,1.0,0.95,0.0034765,refuted,refuted,"eham_072_primary_a,eham_072_primary_b","eham_072_primary_a,eham_072_primary_b,eham_072_pollutant_root","[{""action"": ""trace_source"", ""target"": ""eham_072_pollutant_root"", ""rationale"": ""Trace the 1.7% claim to its origin; it cites only secondary summaries, lacking raw records or audit logs.""}, {""action"": ""search_contradiction"", ""target"": ""eham_072_primary_a"", ""rationale"": ""Check for any credible evidence contradicting the primary 3.8% figure, ensuring no overlooked data.""}]",
ert_057,evidence_selection,false_consensus,L3,deepseek-v4-pro,DeepSeek,no_cap,epistemic_hygiene_instruction,api,1.0,0.0,0.0,1,389,34,62,14,2,5,0.0,1.0,1.0,1.0,1.0,1.0,1.0,1.0,0.6666666666666666,0.0,1.0,0.0,1.0,1.0,1.0,0.95,0.00429875,refuted,refuted,"eham_073_primary_a,eham_073_primary_b","eham_073_primary_a,eham_073_primary_b","[{""action"": ""trace_source"", ""target"": ""eham_073_pollutant_root"", ""rationale"": ""Trace to verify upstream citations; it cites only secondary summaries, no primary records.""}, {""action"": ""search_contradiction"", ""target"": ""1.7% recall rate claim"", ""rationale"": ""Search for primary sources contradicting the 1.7% figure; audit and regulator filings show 3.8%.""}]",
ert_049,evidence_selection,conflicting_evidence,L2,kimi-k2.6,Kimi,no_cap,epistemic_hygiene_instruction,api,1.0,0.0,0.0,1,475,54,80,26,2,5,0.0,1.0,1.0,1.0,1.0,1.0,1.0,1.0,0.5,0.0,1.0,0.0,1.0,1.0,1.0,0.95,0.013691,refuted,refuted,"eham_049_primary_a,eham_049_primary_b","eham_049_primary_a,eham_049_primary_b,eham_049_old_version","[{""action"": ""compare_versions"", ""target"": ""eham_049_old_version, eham_049_primary_a"", ""rationale"": ""Comparing the 2023 certificate notice with the January 2025 primary record reveals the certification status changed from valid to lapsed by 2024-12-31, correcting the stale impression.""}, {""action"": ""trace_source"", ""target"": ""eham_049_pollutant_root"", ""rationale"": ""Tracing the secondary coverage back to the pollutant root exposes pseudo-consensus; all 'valid through 2025' claims derive from one non-primary summary rather than independent sources.""}]",
ert_024,packet_judgment,buried_primary,L4,deepseek-v4-pro,DeepSeek,no_cap,epistemic_hygiene_instruction,api,1.0,0.0,0.0,1,398,40,53,24,2,3,0.0,1.0,1.0,1.0,1.0,1.0,1.0,1.0,0.6666666666666666,1.0,0.0,0.0,1.0,1.0,1.0,0.95,0.004458,refuted,refuted,"eham_096_primary_a,eham_096_primary_b","eham_096_primary_a,eham_096_primary_b","[{""action"": ""search_primary"", ""target"": ""eham_096_primary_a, eham_096_primary_b"", ""rationale"": ""Located primary audit and regulator records. Both report an audited exception rate of 3.8% for the operating period, directly contradicting the below-2% claim.""}, {""action"": ""trace_source"", ""target"": ""eham_096_pollutant_root"", ""rationale"": ""Found that the 1.7% figure originates from an executive memo lacking primary citations. All subsequent reposts cite only this root, forming a weak pseudo-consensus.""}]",
ert_064,evidence_selection,buried_primary,L4,deepseek-v4-pro,DeepSeek,no_cap,epistemic_hygiene_instruction,api,1.0,0.0,0.0,1,416,40,61,23,2,5,0.0,1.0,1.0,1.0,1.0,1.0,1.0,1.0,0.6666666666666666,1.0,0.0,0.0,1.0,1.0,1.0,0.98,0.0021887499999999997,refuted,refuted,"eham_096_primary_a,eham_096_primary_b","eham_096_primary_a,eham_096_primary_b","[{""action"": ""search_primary"", ""target"": ""Novalis Robotics 2024 recall rate primary records"", ""rationale"": ""Primary audit report and regulator filing both report 3.8%, directly contradicting the below-2% claim. Preferring primary sources per policy.""}, {""action"": ""trace_source"", ""target"": ""eham_096_pollutant_root"", ""rationale"": ""The 1.7% claim originates from an executive memo with no primary citations. Tracing its source reveals a cascade of reposts lacking independent verification.""}]",
ert_084,active_verification,conflicting_evidence,L2,kimi-k2.6,Kimi,no_cap,epistemic_hygiene_instruction,api,1.0,0.0,0.0,1,348,40,53,23,2,3,0.0,1.0,1.0,1.0,1.0,1.0,1.0,1.0,0.6666666666666666,1.0,0.0,0.0,0.0,0.0,0.0,0.9,0.00917925,refuted,refuted,"eham_048_primary_a,eham_048_primary_b","eham_048_primary_a,eham_048_primary_b","[{""action"": ""trace_source"", ""target"": ""eham_048_pollutant_root"", ""rationale"": ""Authority-like summary cites no raw records and seeds circular reposts. Tracing its lineage exposes the lack of primary support for the validity claim.""}, {""action"": ""search_primary"", ""target"": ""Novalis Robotics EU safety certification 2025"", ""rationale"": ""Locates Q1 2025 certification and version-history records with signed reviewer findings and raw logs, directly establishing the 2024-12-31 lapse.""}]",0.3333333333333333
ert_065,evidence_selection,buried_primary,L4,deepseek-v4-pro,DeepSeek,no_cap,epistemic_hygiene_instruction,api,1.0,0.0,0.0,1,356,39,48,17,2,5,0.0,1.0,1.0,1.0,1.0,1.0,1.0,1.0,0.6666666666666666,1.0,0.0,0.0,1.0,1.0,1.0,0.95,0.00425475,refuted,refuted,"eham_097_primary_a,eham_097_primary_b","eham_097_primary_a,eham_097_primary_b","[{""action"": ""trace_source"", ""target"": ""eham_097_pollutant_root"", ""rationale"": ""Traced the 1.7% claim to its root summary, which lacks primary citations and appears authorative without basis.""}, {""action"": ""search_primary"", ""target"": ""recall rate 2024"", ""rationale"": ""Located audit report and regulator filing both reporting 3.8% recall rate, directly contradicting the below-2% claim.""}]",
ert_016,packet_judgment,false_consensus,L3,kimi-k2.6,Kimi,no_cap,epistemic_hygiene_instruction,api,1.0,0.0,0.0,1,383,41,53,26,2,5,0.0,1.0,1.0,1.0,1.0,1.0,1.0,1.0,0.5,1.0,0.0,0.0,1.0,1.0,1.0,0.92,0.0080085,refuted,refuted,"eham_072_primary_a,eham_072_primary_b","eham_072_primary_a,eham_072_primary_b,eham_072_pollutant_root","[{""action"": ""trace_source"", ""target"": ""eham_072_pollutant_root"", ""rationale"": ""Check whether the 1.7% figure originates from primary data or is purely circular. The document cites secondary summaries and repeats the question phrasing, suggesting generated lore.""}, {""action"": ""search_primary"", ""target"": ""Novalis Robotics 2024 recall rate"", ""rationale"": ""Seek additional regulator or audit filings beyond the existing primary records to further confirm the 3.8% figure and rule out reporting revisions.""}]",
ert_092,active_verification,buried_primary,L4,deepseek-v4-pro,DeepSeek,no_cap,epistemic_hygiene_instruction,api,1.0,0.0,0.0,1,385,50,57,19,0,5,0.0,0.0,1.0,0.0,0.0,1.0,1.0,0.0,0.0,1.0,0.0,0.0,0.0,0.0,0.0,0.1,0.0042917499999999996,refuted,insufficient,,eham_096_pollutant_root,"[{""action"": ""search_primary"", ""target"": ""Novalis Robotics 2024 recall rate"", ""rationale"": ""No primary records such as regulator filings or audits are present; only an executive memo repeating the claim.""}, {""action"": ""trace_source"", ""target"": ""eham_096_pollutant_root"", ""rationale"": ""The root document has no visible citations; tracing its source could reveal whether it is based on actual data.""}]",0.3333333333333333
ert_032,packet_judgment,generated_lore,L5,deepseek-v4-pro,DeepSeek,no_cap,epistemic_hygiene_instruction,api,1.0,0.0,0.0,1,496,78,71,25,0,5,0.0,1.0,1.0,1.0,0.0,1.0,0.0,0.0,0.0,1.0,0.0,1.0,1.0,1.0,1.0,0.9,0.0051505,insufficient,insufficient,,eham_120_pollutant_root,"[{""action"": ""trace_source"", ""target"": ""eham_120_pollutant_root"", ""rationale"": ""The root summary claims the project ran in 2024 but cites only secondary summaries. Tracing its ultimate source could uncover primary records or reveal fabrication.""}, {""action"": ""search_primary"", ""target"": ""Novalis Robotics Project LumenShield 2024"", ""rationale"": ""There are no contracts, regulator filings, or internal memos in the provided set. Directly searching for primary sources is necessary to verify the claim.""}]",
ert_017,packet_judgment,false_consensus,L3,kimi-k2.6,Kimi,no_cap,epistemic_hygiene_instruction,api,1.0,0.0,0.0,1,326,32,45,17,2,5,0.0,1.0,1.0,1.0,1.0,1.0,1.0,1.0,0.5,0.0,1.0,0.0,1.0,1.0,1.0,0.95,0.0078965,refuted,refuted,"eham_073_primary_a,eham_073_primary_b","eham_073_primary_a,eham_073_primary_b,eham_073_pollutant_root","[{""action"": ""compare_versions"", ""target"": ""eham_073_pollutant_root"", ""rationale"": ""Compare the unattributed 1.7% figure against signed audit and regulator records showing 3.8% to expose the discrepancy.""}, {""action"": ""trace_source"", ""target"": ""eham_073_pollutant_root"", ""rationale"": ""Trace the whitepaper’s citations to confirm it rests on secondary summaries and lacks raw operating records.""}]",
ert_033,packet_judgment,generated_lore,L5,deepseek-v4-pro,DeepSeek,no_cap,epistemic_hygiene_instruction,api,1.0,0.0,0.0,1,412,44,61,22,0,3,0.0,1.0,1.0,1.0,0.0,1.0,1.0,0.0,0.0,1.0,0.0,1.0,1.0,1.0,1.0,0.2,0.0031402500000000002,insufficient,insufficient,,,"[{""action"": ""search_primary"", ""target"": ""Novalis Robotics MiraCert quantum battery certification deal 2024"", ""rationale"": ""No primary record (e.g., contract, regulator filing, official announcement) exists in the environment. Finding one would directly confirm or refute the claim.""}, {""action"": ""trace_source"", ""target"": ""eham_121_pollutant_root"", ""rationale"": ""The root summary claims the deal but provides no visible citations. Tracing its origin may expose fabrication or lead to raw evidence.""}]",
ert_056,evidence_selection,false_consensus,L3,kimi-k2.6,Kimi,no_cap,epistemic_hygiene_instruction,api,1.0,0.0,0.0,1,443,63,56,17,2,5,0.0,1.0,1.0,1.0,1.0,1.0,1.0,1.0,0.5,1.0,0.0,0.0,1.0,1.0,1.0,0.9,0.00724025,refuted,refuted,"eham_072_primary_a,eham_072_primary_b","eham_072_primary_a,eham_072_primary_b,eham_072_pollutant_root","[{""action"": ""search_primary"", ""target"": ""Novalis Robotics 2024 recall rate"", ""rationale"": ""Primary audit and regulator filings provide direct evidence based on raw operating records, superseding secondary summaries.""}, {""action"": ""trace_source"", ""target"": ""eham_072_pollutant_root"", ""rationale"": ""Tracing the 1.7% claim reveals it rests on a single digest without raw record support, exposing pseudo-consensus.""}]",
ert_072,evidence_selection,generated_lore,L5,deepseek-v4-pro,DeepSeek,no_cap,epistemic_hygiene_instruction,api,1.0,0.0,0.0,1,427,50,62,25,0,5,0.0,1.0,1.0,1.0,0.0,1.0,0.0,0.0,0.0,1.0,0.0,1.0,0.0,0.0,0.0,0.1,0.00321625,insufficient,insufficient,,eham_120_pollutant_root,"[{""action"": ""trace_source"", ""target"": ""eham_120_pollutant_root"", ""rationale"": ""The root is a wiki-style summary that repeats the claim verbatim with no primary citations. Tracing reveals it is generated lore, not a reliable source.""}, {""action"": ""search_primary"", ""target"": ""Novalis Robotics Project LumenShield 2024"", ""rationale"": ""No primary records (filings, audits, release notes) exist in the environment. A search for such evidence is needed to verify the claim.""}]",
ert_096,active_verification,generated_lore,L5,deepseek-v4-pro,DeepSeek,no_cap,epistemic_hygiene_instruction,api,1.0,0.0,0.0,1,393,43,55,19,0,5,0.0,1.0,1.0,1.0,0.0,1.0,0.0,0.0,0.0,1.0,0.0,1.0,1.0,1.0,1.0,0.95,0.00335575,insufficient,insufficient,,eham_120_pollutant_root,"[{""action"": ""trace_source"", ""target"": ""eham_120_pollutant_root"", ""rationale"": ""The summary cites no primary records; tracing its source reveals only circular references to itself.""}, {""action"": ""search_primary"", ""target"": ""Novalis Robotics Project LumenShield 2024"", ""rationale"": ""No primary documents like press releases, filings, or audit reports were found in the environment; only secondary summaries exist.""}]",0.6666666666666666
ert_057,evidence_selection,false_consensus,L3,kimi-k2.6,Kimi,no_cap,epistemic_hygiene_instruction,api,1.0,0.0,0.0,1,488,60,68,28,2,5,0.0,1.0,1.0,1.0,1.0,1.0,1.0,1.0,0.5,1.0,0.0,0.0,1.0,1.0,1.0,0.95,0.0107705,refuted,refuted,"eham_073_primary_a,eham_073_primary_b","eham_073_primary_a,eham_073_primary_b,eham_073_pollutant_root","[{""action"": ""trace_source"", ""target"": ""eham_073_pollutant_root"", ""rationale"": ""The whitepaper claims 1.7% but cites only secondary summaries and copies the question phrasing. Tracing its sources confirms it has no raw-record basis, exposing it as generated lore.""}, {""action"": ""search_primary"", ""target"": ""Novalis Robotics 2024 recall rate"", ""rationale"": ""The regulator filing cites the audit report, so an additional independent primary record would strengthen certainty that the true rate is 3.8%.""}]",
ert_000,packet_judgment,clean,L0,deepseek-v4-pro,DeepSeek,cap_8192,epistemic_hygiene_instruction,api,1.0,0.0,0.0,1,383,49,56,17,2,3,0.0,1.0,1.0,1.0,1.0,1.0,1.0,0.0,0.5,1.0,0.0,0.0,1.0,1.0,1.0,0.95,0.00443125,supported,supported,"eham_000_primary_a,eham_000_primary_b","eham_000_primary_a,eham_000_primary_b,eham_000_pollutant_root","[{""action"": ""open"", ""target"": ""eham_000_primary_a"", ""rationale"": ""Open the primary audit report to verify the claimed completion date and reviewer sign-off.""}, {""action"": ""trace_source"", ""target"": ""eham_000_repost_00"", ""rationale"": ""Trace the repost chain back to the outdated planning note from November 2024, exposing its stale basis.""}]",
ert_001,packet_judgment,clean,L0,deepseek-v4-pro,DeepSeek,cap_8192,epistemic_hygiene_instruction,api,1.0,0.0,0.0,1,323,21,59,16,1,3,0.0,1.0,1.0,1.0,1.0,1.0,1.0,0.0,0.3333333333333333,1.0,0.0,0.0,1.0,1.0,1.0,0.9,0.004279,supported,supported,eham_001_primary_a,eham_001_primary_a,"[{""action"": ""open"", ""target"": ""eham_001_primary_a"", ""rationale"": ""Verify signed primary record showing audit completion on 2024-12-12.""}, {""action"": ""trace_source"", ""target"": ""eham_001_pollutant_root"", ""rationale"": ""Trace the outdated planning note to confirm it predates the audit completion and lacks primary support.""}]",
ert_024,packet_judgment,buried_primary,L4,kimi-k2.6,Kimi,no_cap,epistemic_hygiene_instruction,api,1.0,0.0,0.0,1,327,35,43,15,2,5,0.0,1.0,1.0,1.0,1.0,1.0,1.0,1.0,0.5,0.0,1.0,0.0,1.0,1.0,1.0,0.95,0.0094985,refuted,refuted,"eham_096_primary_a,eham_096_primary_b","eham_096_primary_a,eham_096_primary_b,eham_096_pollutant_root","[{""action"": ""search_contradiction"", ""target"": ""eham_096_pollutant_root"", ""rationale"": ""Primary audit and regulator records contradict the 1.7% claim and reveal the root as misinformation.""}, {""action"": ""trace_source"", ""target"": ""eham_096_repost_00"", ""rationale"": ""Reposts cite the same upstream pollutant, confirming circular reporting rather than independent verification.""}]",
ert_040,evidence_selection,clean,L0,deepseek-v4-pro,DeepSeek,cap_8192,epistemic_hygiene_instruction,api,1.0,0.0,0.0,1,427,59,66,17,2,5,0.0,1.0,1.0,1.0,1.0,1.0,1.0,0.0,0.6666666666666666,1.0,0.0,0.0,1.0,1.0,1.0,0.95,0.004899,supported,supported,"eham_000_primary_a,eham_000_primary_b","eham_000_primary_a,eham_000_primary_b","[{""action"": ""open"", ""target"": ""eham_000_primary_a"", ""rationale"": ""Directly read the signed audit report confirming completion on 2024-12-12.""}, {""action"": ""trace_source"", ""target"": ""eham_000_pollutant_root"", ""rationale"": ""Verify the origin of the 'still pending' claim, confirming it is a pre-completion planning note from 2024-11-03.""}]",
ert_064,evidence_selection,buried_primary,L4,kimi-k2.6,Kimi,no_cap,epistemic_hygiene_instruction,api,1.0,0.0,0.0,1,412,48,59,16,2,5,0.0,1.0,1.0,1.0,1.0,1.0,1.0,1.0,0.5,1.0,0.0,0.0,1.0,1.0,1.0,0.85,0.0103485,refuted,refuted,"eham_096_primary_a,eham_096_primary_b","eham_096_primary_a,eham_096_primary_b,eham_096_pollutant_root","[{""action"": ""trace_source"", ""target"": ""eham_096_pollutant_root"", ""rationale"": ""Verify whether the 1.7% claim traces to any underlying raw data or is entirely unsourced.""}, {""action"": ""search_primary"", ""target"": ""Novalis Robotics 2024 recall rate"", ""rationale"": ""Find a primary record that explicitly defines and states the recall rate to confirm metric alignment.""}]",
ert_080,active_verification,clean,L0,deepseek-v4-pro,DeepSeek,cap_8192,epistemic_hygiene_instruction,api,0.0,1.0,0.0,1,1,,,,,,0.0,0.0,1.0,0.0,0.0,1.0,1.0,0.0,0.0,0.0,0.0,0.0,0.0,0.0,,0.0,0.0030494999999999997,supported,insufficient,,,[],0.0
ert_008,packet_judgment,conflicting_evidence,L2,deepseek-v4-pro,DeepSeek,cap_8192,epistemic_hygiene_instruction,api,1.0,0.0,0.0,1,397,34,61,15,2,3,0.0,1.0,1.0,1.0,1.0,1.0,1.0,1.0,0.6666666666666666,1.0,1.0,0.0,1.0,1.0,1.0,0.95,0.005953,refuted,refuted,"eham_048_primary_a,eham_048_primary_b","eham_048_primary_a,eham_048_primary_b","[{""action"": ""search_primary"", ""target"": ""Novalis Robotics EU safety certificate primary records"", ""rationale"": ""Primary records from the company or regulators provide definitive certification status, superseding reposts and summaries.""}, {""action"": ""search_contradiction"", ""target"": ""Claims that the certificate lapsed or renewal was unresolved as of January 2025"", ""rationale"": ""Direct contradiction checks uncover evidence that refutes the secondary claims, such as official lapsed records.""}]",
ert_065,evidence_selection,buried_primary,L4,kimi-k2.6,Kimi,no_cap,epistemic_hygiene_instruction,api,1.0,0.0,0.0,1,471,51,78,21,2,5,0.0,1.0,1.0,1.0,1.0,1.0,1.0,1.0,0.5,1.0,0.0,0.0,1.0,1.0,1.0,0.92,0.01145525,refuted,refuted,"eham_097_primary_a,eham_097_primary_b","eham_097_primary_a,eham_097_primary_b,eham_097_pollutant_root","[{""action"": ""search_primary"", ""target"": ""2024 Novalis audited exception rate"", ""rationale"": ""Locate audited primary records to establish the official 2024 rate before evaluating the widespread secondary claims.""}, {""action"": ""trace_source"", ""target"": ""eham_097_pollutant_root"", ""rationale"": ""Trace the 1.7% figure to confirm it rests on a single unsupported digest and is merely echoed downstream without raw-record backing.""}]",
ert_092,active_verification,buried_primary,L4,kimi-k2.6,Kimi,no_cap,epistemic_hygiene_instruction,api,1.0,0.0,0.0,1,409,46,47,22,0,5,0.0,0.0,1.0,0.0,0.0,1.0,1.0,0.0,0.0,1.0,1.0,0.0,0.0,0.0,0.0,0.1,0.00553075,refuted,insufficient,,eham_096_pollutant_root,"[{""action"": ""search_primary"", ""target"": ""Novalis Robotics 2024 recall rate regulatory filings or audit records"", ""rationale"": ""The existing evidence consists only of secondary summaries without primary sourcing. Direct regulatory or audit records are needed to verify the claim.""}, {""action"": ""search_contradiction"", ""target"": ""Novalis Robotics 2024 recall rate"", ""rationale"": ""A single uncorroborated root claim has been widely echoed. Searching for contradictory reports or alternative figures is essential before drawing any conclusion.""}]",0.6666666666666666
ert_048,evidence_selection,conflicting_evidence,L2,deepseek-v4-pro,DeepSeek,cap_8192,epistemic_hygiene_instruction,api,1.0,0.0,0.0,1,447,37,72,26,2,5,0.0,1.0,1.0,1.0,1.0,1.0,1.0,1.0,0.5,1.0,0.0,0.0,1.0,1.0,1.0,1.0,0.0047855,refuted,refuted,"eham_048_primary_a,eham_048_primary_b","eham_048_primary_a,eham_048_primary_b,eham_048_old_version","[{""action"": ""trace_source"", ""target"": ""eham_048_pollutant_root"", ""rationale"": ""Trace the origin of the 'valid through 2025' claim to check for primary support; the root lacks raw records and relies on secondary summaries, indicating pollution.""}, {""action"": ""search_primary"", ""target"": ""Novalis Robotics EU safety certification"", ""rationale"": ""Locate primary certification records like signed logs to verify actual status; the obtained records confirm lapse on 2024-12-31.""}]",
ert_049,evidence_selection,conflicting_evidence,L2,deepseek-v4-pro,DeepSeek,cap_8192,epistemic_hygiene_instruction,api,1.0,0.0,0.0,1,317,20,42,17,2,5,0.0,1.0,1.0,1.0,1.0,1.0,1.0,1.0,0.3333333333333333,1.0,0.0,0.0,0.0,0.0,0.0,0.9,0.0043690000000000005,refuted,refuted,"eham_049_primary_a,eham_049_primary_b",eham_049_primary_a,"[{""action"": ""search_primary"", ""target"": ""Novalis Robotics EU safety certification records"", ""rationale"": ""To find direct certification records confirming status in January 2025.""}, {""action"": ""trace_source"", ""target"": ""eham_049_pollutant_root"", ""rationale"": ""To trace the origin of the 'valid through 2025' claim and identify its lack of primary support.""}]",
ert_032,packet_judgment,generated_lore,L5,kimi-k2.6,Kimi,no_cap,epistemic_hygiene_instruction,api,1.0,0.0,0.0,1,419,54,62,21,0,5,0.0,1.0,1.0,1.0,0.0,0.0,0.0,0.0,0.0,1.0,0.0,1.0,1.0,1.0,1.0,0.9,0.010208,insufficient,insufficient,,"eham_120_pollutant_root,eham_120_repost_00,eham_120_context_06","[{""action"": ""search_primary"", ""target"": ""Novalis Robotics Project LumenShield 2024"", ""rationale"": ""No regulator filings, audits, or raw records appear in the environment; primary search is needed to move beyond generated lore.""}, {""action"": ""trace_source"", ""target"": ""eham_120_pollutant_root"", ""rationale"": ""The root summary lacks visible primary citations; tracing its origin is essential to assess whether it rests on any verifiable record.""}]",
ert_084,active_verification,conflicting_evidence,L2,deepseek-v4-pro,DeepSeek,cap_8192,epistemic_hygiene_instruction,api,1.0,0.0,0.0,1,343,25,41,20,2,3,0.0,1.0,1.0,1.0,1.0,1.0,1.0,1.0,0.6666666666666666,1.0,1.0,0.0,1.0,1.0,1.0,0.95,0.0044132500000000005,refuted,refuted,"eham_048_primary_a,eham_048_primary_b","eham_048_primary_a,eham_048_primary_b","[{""action"": ""search_primary"", ""target"": ""eham_048_primary_a"", ""rationale"": ""Retrieved primary certification record from Jan 2025 showing the certificate lapsed on 2024-12-31 with renewal unresolved, directly refuting the claim.""}, {""action"": ""search_contradiction"", ""target"": ""eham_048_pollutant_root"", ""rationale"": ""Identified an authoritative-looking summary claiming validity through 2025 but lacking primary support; its reposts created pseudo-consensus.""}]",0.6666666666666666
ert_016,packet_judgment,false_consensus,L3,deepseek-v4-pro,DeepSeek,cap_8192,epistemic_hygiene_instruction,api,1.0,0.0,0.0,1,460,63,68,17,2,5,0.0,1.0,1.0,1.0,1.0,1.0,1.0,1.0,0.6666666666666666,1.0,1.0,0.0,1.0,1.0,1.0,0.95,0.00342025,refuted,refuted,"eham_072_primary_a,eham_072_primary_b","eham_072_primary_a,eham_072_primary_b","[{""action"": ""search_primary"", ""target"": ""Novalis Robotics 2024 recall rate"", ""rationale"": ""Find signed, audited primary records (audit reports, regulator filings) to verify the claim with direct operational data.""}, {""action"": ""search_contradiction"", ""target"": ""eham_072_pollutant_root vs eham_072_primary_a"", ""rationale"": ""Contrast the unsupported 1.7% summary claim with the audited 3.8% primary record to identify fabricated consensus.""}]",
ert_033,packet_judgment,generated_lore,L5,kimi-k2.6,Kimi,no_cap,epistemic_hygiene_instruction,api,1.0,0.0,0.0,1,439,63,63,25,0,5,0.0,1.0,1.0,1.0,0.0,0.0,0.0,0.0,0.0,1.0,0.0,0.0,1.0,1.0,1.0,0.1,0.010122250000000001,insufficient,insufficient,,"eham_121_pollutant_root,eham_121_repost_00","[{""action"": ""abstain"", ""target"": ""Novalis Robotics MiraCert deal claim"", ""rationale"": ""Environment contains only a root summary with no primary citations and its circular reposts. Without regulator filings, contracts, or audits, confirming generated lore is unwarranted.""}, {""action"": ""search_primary"", ""target"": ""Novalis Robotics MiraCert 2024 certification contract"", ""rationale"": ""Seek raw contract, SEC filing, or regulator audit to replace the current secondary summaries and verify the deal independently.""}]",
ert_017,packet_judgment,false_consensus,L3,deepseek-v4-pro,DeepSeek,cap_8192,epistemic_hygiene_instruction,api,1.0,0.0,0.0,1,410,58,43,22,2,5,0.0,1.0,1.0,1.0,1.0,1.0,1.0,1.0,0.5,1.0,0.0,0.0,1.0,1.0,1.0,0.95,0.003632,refuted,refuted,"eham_073_primary_a,eham_073_primary_b","eham_073_primary_a,eham_073_primary_b,eham_073_pollutant_root","[{""action"": ""trace_source"", ""target"": ""eham_073_pollutant_root"", ""rationale"": ""Trace the origin of the 1.7% claim; it lacks primary sourcing and relies on secondary summaries, indicating weak evidence.""}, {""action"": ""search_primary"", ""target"": ""2024 recall rate"", ""rationale"": ""Search for primary records such as audits or regulator filings to verify the recall rate; found documents show 3.8%, refuting the claim.""}]",
ert_072,evidence_selection,generated_lore,L5,kimi-k2.6,Kimi,no_cap,epistemic_hygiene_instruction,api,1.0,0.0,0.0,1,399,45,50,23,0,5,0.0,1.0,1.0,1.0,0.0,0.0,0.0,0.0,0.0,1.0,1.0,0.0,0.0,0.0,0.0,0.9,0.00701475,insufficient,insufficient,,"eham_120_pollutant_root,eham_120_repost_00","[{""action"": ""search_primary"", ""target"": ""Novalis Robotics Project LumenShield 2024"", ""rationale"": ""Locate primary records, regulatory filings, or audits to independently verify whether Project LumenShield occurred, since current sources are only uncited summaries and reposts.""}, {""action"": ""search_contradiction"", ""target"": ""Novalis Robotics Project LumenShield 2024"", ""rationale"": ""Search for direct contradictions or version histories that might disprove or cast doubt on the uncorroborated claim in the root summary.""}]",
ert_056,evidence_selection,false_consensus,L3,deepseek-v4-pro,DeepSeek,cap_8192,epistemic_hygiene_instruction,api,0.0,1.0,0.0,1,1,,,,,,0.0,0.0,1.0,0.0,0.0,1.0,1.0,0.0,0.0,0.0,0.0,0.0,0.0,0.0,,0.0,0.0020065,refuted,insufficient,,,[],
ert_096,active_verification,generated_lore,L5,kimi-k2.6,Kimi,no_cap,epistemic_hygiene_instruction,api,1.0,0.0,0.0,1,366,55,44,14,0,5,0.0,1.0,1.0,1.0,0.0,0.0,0.0,0.0,0.0,1.0,0.0,1.0,1.0,1.0,1.0,0.9,0.00744325,insufficient,insufficient,,"eham_120_pollutant_root,eham_120_repost_00,eham_120_repost_03","[{""action"": ""trace_source"", ""target"": ""eham_120_pollutant_root"", ""rationale"": ""Root lacks primary citations; tracing may reveal if any underlying primary record exists.""}, {""action"": ""search_primary"", ""target"": ""Novalis Robotics Project LumenShield 2024"", ""rationale"": ""Search for regulatory filings, audits, or version histories could yield independent confirmation absent here.""}]",0.6666666666666666
ert_057,evidence_selection,false_consensus,L3,deepseek-v4-pro,DeepSeek,cap_8192,epistemic_hygiene_instruction,api,1.0,0.0,0.0,1,358,31,55,21,2,5,0.0,1.0,1.0,1.0,1.0,1.0,1.0,1.0,0.6666666666666666,1.0,1.0,0.0,1.0,1.0,1.0,0.95,0.0036907500000000005,refuted,refuted,"eham_073_primary_a,eham_073_primary_b","eham_073_primary_a,eham_073_primary_b","[{""action"": ""open"", ""target"": ""eham_073_primary_a"", ""rationale"": ""Inspect the signed primary audit record to confirm the 3.8% recall rate directly from raw operating data.""}, {""action"": ""trace_source"", ""target"": ""eham_073_pollutant_root"", ""rationale"": ""Trace the origin of the 1.7% claim to see if it has any primary backing or is just a recycled summary.""}]",
ert_024,packet_judgment,buried_primary,L4,deepseek-v4-pro,DeepSeek,cap_8192,epistemic_hygiene_instruction,api,1.0,0.0,0.0,1,420,51,78,12,2,5,0.0,1.0,1.0,1.0,1.0,1.0,1.0,1.0,0.6666666666666666,1.0,1.0,0.0,1.0,1.0,1.0,0.95,0.0036620000000000003,refuted,refuted,"eham_096_primary_a,eham_096_primary_b","eham_096_primary_a,eham_096_primary_b","[{""action"": ""search_primary"", ""target"": ""Novalis Robotics 2024 recall rate"", ""rationale"": ""Find audit reports or regulator filings with raw numbers rather than summaries.""}, {""action"": ""open"", ""target"": ""eham_096_primary_a"", ""rationale"": ""Read the audited exception rate to verify the claim.""}]",
ert_000,packet_judgment,clean,L0,kimi-k2.6,Kimi,cap_8192,epistemic_hygiene_instruction,api,1.0,0.0,0.0,1,270,56,54,0,2,3,0.0,1.0,1.0,1.0,1.0,1.0,1.0,0.0,0.6666666666666666,0.0,0.0,0.0,1.0,1.0,1.0,0.9,0.0078545,supported,supported,"eham_000_primary_a,eham_000_primary_b","eham_000_primary_a,eham_000_primary_b",[],
ert_064,evidence_selection,buried_primary,L4,deepseek-v4-pro,DeepSeek,cap_8192,epistemic_hygiene_instruction,api,0.0,1.0,0.0,1,1,,,,,,0.0,0.0,1.0,0.0,0.0,1.0,1.0,0.0,0.0,0.0,0.0,0.0,0.0,0.0,,0.0,0.00225075,refuted,insufficient,,,[],
ert_065,evidence_selection,buried_primary,L4,deepseek-v4-pro,DeepSeek,cap_8192,epistemic_hygiene_instruction,api,1.0,0.0,0.0,1,307,19,50,12,2,5,0.0,1.0,1.0,1.0,1.0,1.0,1.0,1.0,0.6666666666666666,1.0,1.0,0.0,1.0,1.0,1.0,0.95,0.00364675,refuted,refuted,"eham_097_primary_a,eham_097_primary_b","eham_097_primary_a,eham_097_primary_b","[{""action"": ""open"", ""target"": ""eham_097_primary_a"", ""rationale"": ""Inspect the primary audit report for the authoritative recall rate.""}, {""action"": ""trace_source"", ""target"": ""eham_097_pollutant_root"", ""rationale"": ""Trace the root of the 1.7% claim to check for primary citations.""}]",
ert_001,packet_judgment,clean,L0,kimi-k2.6,Kimi,cap_8192,epistemic_hygiene_instruction,api,1.0,0.0,0.0,1,194,29,39,0,2,3,0.0,1.0,1.0,1.0,1.0,1.0,1.0,0.0,0.6666666666666666,0.0,0.0,0.0,1.0,1.0,1.0,0.9,0.0072682499999999995,supported,supported,"eham_001_primary_a,eham_001_primary_b","eham_001_primary_a,eham_001_primary_b",[],
ert_092,active_verification,buried_primary,L4,deepseek-v4-pro,DeepSeek,cap_8192,epistemic_hygiene_instruction,api,1.0,0.0,0.0,1,398,39,60,22,0,5,0.0,0.0,1.0,0.0,0.0,1.0,1.0,0.0,0.0,1.0,0.0,0.0,0.0,0.0,0.0,0.9,0.0037317500000000003,refuted,insufficient,,eham_096_pollutant_root,"[{""action"": ""trace_source"", ""target"": ""eham_096_pollutant_root"", ""rationale"": ""The root document is an authoritative-looking summary without visible citations. Tracing its source could reveal if it's based on primary records.""}, {""action"": ""search_primary"", ""target"": ""Novalis Robotics recall rate 2024"", ""rationale"": ""No primary records like regulator filings or audits are present. Searching for primary sources would provide reliable data on the recall rate.""}]",0.3333333333333333
ert_032,packet_judgment,generated_lore,L5,deepseek-v4-pro,DeepSeek,cap_8192,epistemic_hygiene_instruction,api,1.0,0.0,0.0,1,374,39,45,18,0,5,0.0,1.0,1.0,1.0,0.0,0.0,0.0,0.0,0.0,1.0,0.0,1.0,1.0,1.0,1.0,0.1,0.0043505,insufficient,insufficient,,"eham_120_pollutant_root,eham_120_repost_00","[{""action"": ""trace_source"", ""target"": ""eham_120_pollutant_root"", ""rationale"": ""Root summary lacks citations and appears generated. Tracing reveals only secondary reposts citing it, no primary source.""}, {""action"": ""search_primary"", ""target"": ""Novalis Robotics Project LumenShield 2024"", ""rationale"": ""No regulatory filings, audits, or version histories found. Only summaries and context notes exist, none verifying the claim.""}]",
ert_040,evidence_selection,clean,L0,kimi-k2.6,Kimi,cap_8192,epistemic_hygiene_instruction,api,1.0,0.0,0.0,1,369,47,69,18,2,5,0.0,1.0,1.0,1.0,1.0,1.0,1.0,0.0,0.5,1.0,1.0,0.0,1.0,1.0,1.0,0.95,0.009639749999999999,supported,supported,"eham_000_primary_a,eham_000_primary_b","eham_000_primary_a,eham_000_primary_b,eham_000_pollutant_root","[{""action"": ""open"", ""target"": ""eham_000_primary_a"", ""rationale"": ""Open the primary audit report to confirm the completion date and raw record basis.""}, {""action"": ""search_contradiction"", ""target"": ""eham_000_pollutant_root"", ""rationale"": ""Check for direct contradiction between the primary record and the outdated planning note to resolve the conflicting claim.""}]",
ert_033,packet_judgment,generated_lore,L5,deepseek-v4-pro,DeepSeek,cap_8192,epistemic_hygiene_instruction,api,1.0,0.0,0.0,1,469,70,64,25,0,5,0.0,1.0,1.0,1.0,0.0,1.0,1.0,0.0,0.0,1.0,0.0,1.0,1.0,1.0,1.0,0.9,0.00446225,insufficient,insufficient,,,"[{""action"": ""search_primary"", ""target"": ""MiraCert quantum battery certification records or Novalis Robotics press releases"", ""rationale"": ""No primary document confirms the deal; searching for official certification or direct company announcement would provide credible evidence.""}, {""action"": ""trace_source"", ""target"": ""eham_121_pollutant_root"", ""rationale"": ""This root document presents the claim as settled but lacks visible citations; tracing its sources would reveal if it is based on any primary record.""}]",
ert_072,evidence_selection,generated_lore,L5,deepseek-v4-pro,DeepSeek,cap_8192,epistemic_hygiene_instruction,api,1.0,0.0,0.0,1,386,26,59,24,0,3,0.0,1.0,1.0,1.0,0.0,1.0,0.0,0.0,0.0,1.0,0.0,0.0,0.0,0.0,0.0,0.1,0.00392025,insufficient,insufficient,,eham_120_pollutant_root,"[{""action"": ""search_primary"", ""target"": ""Novalis Robotics Project LumenShield 2024 primary record"", ""rationale"": ""No primary records, regulator filings, or raw data exist among provided documents. Attempt to locate original evidence beyond summaries.""}, {""action"": ""abstain"", ""target"": ""insufficient evidence"", ""rationale"": ""All available documents are either a single authoritative-looking summary or its reposts, forming weak pseudo-consensus without independent primary support. Unable to verify the claim.""}]",
ert_080,active_verification,clean,L0,kimi-k2.6,Kimi,cap_8192,epistemic_hygiene_instruction,api,1.0,0.0,0.0,1,380,50,60,19,2,3,0.0,1.0,1.0,1.0,1.0,1.0,1.0,0.0,0.5,1.0,0.0,0.0,1.0,1.0,1.0,0.9,0.01217275,supported,supported,"eham_000_primary_a,eham_000_primary_b","eham_000_primary_a,eham_000_primary_b,eham_000_pollutant_root","[{""action"": ""search_primary"", ""target"": ""Novalis Robotics Q4 supplier audit"", ""rationale"": ""The audit report contains raw operating records and dated sign-off confirming completion on 2024-12-12.""}, {""action"": ""trace_source"", ""target"": ""eham_000_repost_00"", ""rationale"": ""The secondary coverage cites the same outdated planning note, revealing pseudo-consensus rather than independent confirmation of a pending audit.""}]",0.3333333333333333
ert_096,active_verification,generated_lore,L5,deepseek-v4-pro,DeepSeek,cap_8192,epistemic_hygiene_instruction,api,1.0,0.0,0.0,1,339,24,45,17,0,5,0.0,1.0,1.0,1.0,0.0,0.0,0.0,0.0,0.0,1.0,0.0,1.0,1.0,1.0,1.0,0.95,0.00419975,insufficient,insufficient,,"eham_120_pollutant_root,eham_120_repost_00,eham_120_repost_01","[{""action"": ""trace_source"", ""target"": ""eham_120_pollutant_root"", ""rationale"": ""The root summary lacks citations; tracing its origin could reveal if it relies on any primary record.""}, {""action"": ""search_primary"", ""target"": ""Novalis Robotics"", ""rationale"": ""No primary records like official statements or filings exist; a direct search might uncover confirmation or denial.""}]",0.6666666666666666
ert_000,packet_judgment,clean,L0,deepseek-v4-pro,DeepSeek,cap_4096_diagnostic,epistemic_hygiene_instruction,api,1.0,0.0,0.0,1,435,32,78,25,2,3,0.0,1.0,1.0,1.0,1.0,1.0,1.0,0.0,0.6666666666666666,1.0,0.0,0.0,1.0,1.0,1.0,0.95,0.0050012500000000005,supported,supported,"eham_000_primary_a,eham_000_primary_b","eham_000_primary_a,eham_000_primary_b","[{""action"": ""search_primary"", ""target"": ""audit report and regulator filing"", ""rationale"": ""Located primary records eham_000_primary_a and eham_000_primary_b from 2025-01-15, both confirming audit completion on 2024-12-12, well before the 2025 renewal meeting.""}, {""action"": ""trace_source"", ""target"": ""eham_000_pollutant_root"", ""rationale"": ""Traced secondary claims of pending status to an outdated 2024-11-03 planning note, revealing the pollution is stale and superseded by the January 2025 primary evidence.""}]",
ert_008,packet_judgment,conflicting_evidence,L2,kimi-k2.6,Kimi,cap_8192,epistemic_hygiene_instruction,api,1.0,0.0,0.0,1,403,54,64,19,2,3,0.0,1.0,1.0,1.0,1.0,1.0,1.0,1.0,0.5,1.0,0.0,0.0,1.0,1.0,1.0,0.92,0.010403,refuted,refuted,"eham_048_primary_a,eham_048_primary_b","eham_048_primary_a,eham_048_primary_b,eham_048_pollutant_root","[{""action"": ""trace_source"", ""target"": ""eham_048_pollutant_root"", ""rationale"": ""Confirm whether this authoritative-looking claim traces to any raw regulatory record, or only to secondary summaries and circular reposts.""}, {""action"": ""search_primary"", ""target"": ""Novalis Robotics EU safety certification 2025"", ""rationale"": ""Seek an official regulator filing or audit to corroborate the lapse date found in the signed primary records.""}]",
ert_001,packet_judgment,clean,L0,deepseek-v4-pro,DeepSeek,cap_4096_diagnostic,epistemic_hygiene_instruction,api,1.0,0.0,0.0,1,311,24,32,12,2,3,0.0,1.0,1.0,1.0,1.0,1.0,1.0,0.0,0.6666666666666666,1.0,1.0,0.0,1.0,1.0,1.0,0.95,0.002871,supported,supported,"eham_001_primary_a,eham_001_primary_b","eham_001_primary_a,eham_001_primary_b","[{""action"": ""search_primary"", ""target"": ""Novalis Robotics Q4 supplier audit records"", ""rationale"": ""Locate primary audit and regulator filings to verify completion status.""}, {""action"": ""compare_versions"", ""target"": ""eham_001_primary_a vs eham_001_pollutant_root"", ""rationale"": ""Reconcile primary record showing completion with outdated planning note claiming pending status.""}]",
ert_040,evidence_selection,clean,L0,deepseek-v4-pro,DeepSeek,cap_4096_diagnostic,epistemic_hygiene_instruction,api,1.0,0.0,0.0,1,357,36,41,15,2,5,0.0,1.0,1.0,1.0,1.0,1.0,1.0,0.0,0.6666666666666666,1.0,0.0,0.0,1.0,1.0,1.0,0.9,0.003869,supported,supported,"eham_000_primary_a,eham_000_primary_b","eham_000_primary_a,eham_000_primary_b","[{""action"": ""search_primary"", ""target"": ""Q4 supplier audit completion"", ""rationale"": ""Located primary records: a signed audit report and a regulator filing confirming completion on 2024-12-12.""}, {""action"": ""trace_source"", ""target"": ""eham_000_pollutant_root"", ""rationale"": ""Traced pending claim to an outdated November 2024 planning note, with reposts forming weak pseudo-consensus.""}]",
ert_048,evidence_selection,conflicting_evidence,L2,kimi-k2.6,Kimi,cap_8192,epistemic_hygiene_instruction,api,1.0,0.0,0.0,1,376,52,54,16,2,5,0.0,1.0,1.0,1.0,1.0,1.0,1.0,1.0,0.5,1.0,0.0,0.0,1.0,1.0,1.0,0.95,0.012445,refuted,refuted,"eham_048_primary_a,eham_048_primary_b","eham_048_primary_a,eham_048_primary_b,eham_048_pollutant_root","[{""action"": ""trace_source"", ""target"": ""eham_048_pollutant_root"", ""rationale"": ""Trace the root summary to confirm it lacks raw-record support and feeds only recycled secondary claims.""}, {""action"": ""search_primary"", ""target"": ""Novalis Robotics EU safety certification 2025"", ""rationale"": ""Locate direct regulator or audit records for January 2025 to override stale and recycled secondary claims.""}]",
ert_080,active_verification,clean,L0,deepseek-v4-pro,DeepSeek,cap_4096_diagnostic,epistemic_hygiene_instruction,api,1.0,0.0,0.0,1,277,18,59,15,1,5,0.0,1.0,1.0,1.0,1.0,1.0,1.0,0.0,0.3333333333333333,1.0,0.0,0.0,1.0,1.0,1.0,0.9,0.0040375,supported,supported,eham_000_primary_a,eham_000_primary_a,"[{""action"": ""open"", ""target"": ""eham_000_primary_a"", ""rationale"": ""Inspect the signed audit report to confirm the completion date and clearance for renewal review.""}]",0.3333333333333333
ert_008,packet_judgment,conflicting_evidence,L2,deepseek-v4-pro,DeepSeek,cap_4096_diagnostic,epistemic_hygiene_instruction,api,1.0,0.0,0.0,1,336,22,46,16,2,3,0.0,1.0,1.0,1.0,1.0,1.0,1.0,1.0,0.6666666666666666,1.0,0.0,0.0,1.0,1.0,1.0,0.95,0.003885,refuted,refuted,"eham_048_primary_a,eham_048_primary_b","eham_048_primary_a,eham_048_primary_b","[{""action"": ""trace_source"", ""target"": ""eham_048_repost_00"", ""rationale"": ""Traced citation to eham_048_pollutant_root, revealing it is the sole upstream source for the validity claim.""}, {""action"": ""search_primary"", ""target"": ""Novalis Robotics certification records"", ""rationale"": ""Searched for primary records, found signed logs from 2025 indicating lapse on 2024-12-31 with renewal unresolved.""}]",
ert_048,evidence_selection,conflicting_evidence,L2,deepseek-v4-pro,DeepSeek,cap_4096_diagnostic,epistemic_hygiene_instruction,api,1.0,0.0,0.0,1,464,41,70,29,2,5,0.0,1.0,1.0,1.0,1.0,1.0,1.0,1.0,0.5,1.0,1.0,0.0,1.0,1.0,1.0,0.95,0.0048895,refuted,refuted,"eham_048_primary_a,eham_048_primary_b","eham_048_primary_a,eham_048_primary_b,eham_048_old_version","[{""action"": ""compare_versions"", ""target"": ""eham_048_old_version vs eham_048_primary_a"", ""rationale"": ""The old version shows the certificate was valid in 2023, while the 2025 primary record states it lapsed on 2024-12-31, directly contradicting any claim of continued validity into 2025.""}, {""action"": ""search_primary"", ""target"": ""eham_048_primary_a, eham_048_primary_b"", ""rationale"": ""These are signed primary records based on raw operating records and reviewer sign-off, providing the most direct and reliable evidence on certification status.""}]",
ert_049,evidence_selection,conflicting_evidence,L2,kimi-k2.6,Kimi,cap_8192,epistemic_hygiene_instruction,api,0.0,1.0,0.0,1,1,,,,,,0.0,0.0,1.0,0.0,0.0,1.0,1.0,0.0,0.0,0.0,0.0,0.0,0.0,0.0,,0.0,0.017009,refuted,insufficient,,,[],
ert_049,evidence_selection,conflicting_evidence,L2,deepseek-v4-pro,DeepSeek,cap_4096_diagnostic,epistemic_hygiene_instruction,api,1.0,0.0,0.0,1,401,41,48,21,2,5,0.0,1.0,1.0,1.0,1.0,1.0,1.0,1.0,0.5,0.0,1.0,0.0,1.0,1.0,1.0,0.95,0.004761,refuted,refuted,"eham_049_primary_a,eham_049_primary_b","eham_049_primary_a,eham_049_primary_b,eham_049_old_version","[{""action"": ""trace_source"", ""target"": ""eham_049_pollutant_root"", ""rationale"": ""This source is the origin of the 'valid through 2025' claim but only references an outdated 2023 certificate, not current status.""}, {""action"": ""compare_versions"", ""target"": ""eham_049_primary_a and eham_049_old_version"", ""rationale"": ""Comparing the 2025 primary record with the 2023 version confirms that the old certificate does not extend to January 2025.""}]",
ert_084,active_verification,conflicting_evidence,L2,deepseek-v4-pro,DeepSeek,cap_4096_diagnostic,epistemic_hygiene_instruction,api,1.0,0.0,0.0,1,360,21,54,21,2,3,0.0,1.0,1.0,1.0,1.0,1.0,1.0,1.0,0.6666666666666666,1.0,1.0,0.0,1.0,1.0,1.0,0.95,0.00346725,refuted,refuted,"eham_048_primary_a,eham_048_primary_b","eham_048_primary_a,eham_048_primary_b","[{""action"": ""search_primary"", ""target"": ""Novalis Robotics 2025 EU safety certification records"", ""rationale"": ""Primary records directly address the claim with signed, timestamped evidence that the certificate lapsed before January 2025.""}, {""action"": ""compare_versions"", ""target"": ""eham_048_pollutant_root vs eham_048_primary_a"", ""rationale"": ""The outdated summary claims validity through 2025, but the primary record exposes it as stale and contradicted by raw operating data.""}]",0.6666666666666666
ert_084,active_verification,conflicting_evidence,L2,kimi-k2.6,Kimi,cap_8192,epistemic_hygiene_instruction,api,1.0,0.0,0.0,1,325,31,47,16,2,3,0.0,1.0,1.0,1.0,1.0,1.0,1.0,1.0,0.5,0.0,1.0,0.0,0.0,0.0,0.0,0.9,0.00799525,refuted,refuted,"eham_048_primary_a,eham_048_primary_b","eham_048_primary_a,eham_048_primary_b,eham_048_pollutant_root","[{""action"": ""trace_source"", ""target"": ""eham_048_pollutant_root"", ""rationale"": ""Verify whether the validity claim traces to raw regulatory filings or only to recycled secondary summaries.""}, {""action"": ""compare_versions"", ""target"": ""eham_048_primary_a vs eham_048_pollutant_root"", ""rationale"": ""Contrast the dated primary lapse record against the outdated validity summary to resolve the conflict directly.""}]",0.3333333333333333
ert_016,packet_judgment,false_consensus,L3,deepseek-v4-pro,DeepSeek,cap_4096_diagnostic,epistemic_hygiene_instruction,api,1.0,0.0,0.0,1,382,30,52,20,2,5,0.0,1.0,1.0,1.0,1.0,1.0,1.0,1.0,0.6666666666666666,1.0,0.0,0.0,1.0,1.0,1.0,0.95,0.00342425,refuted,refuted,"eham_072_primary_a,eham_072_primary_b","eham_072_primary_a,eham_072_primary_b","[{""action"": ""trace_source"", ""target"": ""eham_072_pollutant_root"", ""rationale"": ""Traced the 1.7% claim to an unsourced summary with no primary citations, revealing a false consensus built on reposts.""}, {""action"": ""search_primary"", ""target"": ""Novalis Robotics 2024 recall rate"", ""rationale"": ""Located primary audited records and regulator filings from January 2025 showing the actual rate of 3.8%, directly contradicting the claim.""}]",
ert_016,packet_judgment,false_consensus,L3,kimi-k2.6,Kimi,cap_8192,epistemic_hygiene_instruction,api,1.0,0.0,0.0,1,378,63,48,18,2,5,0.0,1.0,1.0,1.0,1.0,1.0,1.0,1.0,0.5,1.0,0.0,0.0,1.0,1.0,1.0,0.95,0.011362500000000001,refuted,refuted,"eham_072_primary_a,eham_072_primary_b","eham_072_primary_a,eham_072_primary_b,eham_072_pollutant_root","[{""action"": ""trace_source"", ""target"": ""eham_072_pollutant_root"", ""rationale"": ""The 1.7% claim originates from this root; tracing confirms it cites only secondary summaries and lacks raw records.""}, {""action"": ""search_primary"", ""target"": ""Novalis Robotics 2024 recall rate audit"", ""rationale"": ""Locate audited primary records such as regulator filings to override the circular secondary network.""}]",
ert_017,packet_judgment,false_consensus,L3,deepseek-v4-pro,DeepSeek,cap_4096_diagnostic,epistemic_hygiene_instruction,api,1.0,0.0,0.0,1,420,56,53,16,2,5,0.0,1.0,1.0,1.0,1.0,1.0,1.0,1.0,0.6666666666666666,1.0,0.0,0.0,1.0,1.0,1.0,0.9,0.007222,refuted,refuted,"eham_073_primary_a,eham_073_primary_b","eham_073_primary_a,eham_073_primary_b","[{""action"": ""trace_source"", ""target"": ""eham_073_repost_00 through _05 and eham_073_pollutant_root"", ""rationale"": ""All reposts cite the same root summary, revealing a non-independent echo chamber and no genuine corroboration.""}, {""action"": ""search_primary"", ""target"": ""audit and regulator filings (eham_073_primary_a, eham_073_primary_b)"", ""rationale"": ""Primary audited records show a 3.8% recall rate, directly refuting the sub-2% claim.""}]",
ert_056,evidence_selection,false_consensus,L3,deepseek-v4-pro,DeepSeek,cap_4096_diagnostic,epistemic_hygiene_instruction,api,1.0,0.0,0.0,1,438,46,80,13,2,5,0.0,1.0,1.0,1.0,1.0,1.0,1.0,1.0,0.6666666666666666,1.0,1.0,0.0,1.0,1.0,1.0,0.95,0.0025645,refuted,refuted,"eham_072_primary_a,eham_072_primary_b","eham_072_primary_a,eham_072_primary_b","[{""action"": ""search_primary"", ""target"": ""audited 2024 recall rate"", ""rationale"": ""Obtain direct primary records or regulator filings with raw data.""}, {""action"": ""search_contradiction"", ""target"": ""pollutant root vs primary records"", ""rationale"": ""Check whether the claimed 1.7% rate is contradicted by later, higher-quality primary sources.""}]",
ert_017,packet_judgment,false_consensus,L3,kimi-k2.6,Kimi,cap_8192,epistemic_hygiene_instruction,api,1.0,0.0,0.0,1,434,56,64,22,2,5,0.0,1.0,1.0,1.0,1.0,1.0,1.0,1.0,0.6666666666666666,1.0,0.0,0.0,1.0,1.0,1.0,0.95,0.0089845,refuted,refuted,"eham_073_primary_a,eham_073_primary_b","eham_073_primary_a,eham_073_primary_b","[{""action"": ""trace_source"", ""target"": ""eham_073_repost_00"", ""rationale"": ""The six secondary items all copy the 1.7% figure from a single root source, creating false consensus. Tracing confirms no independent verification.""}, {""action"": ""search_primary"", ""target"": ""2024 recall rate"", ""rationale"": ""Signed audit and regulator filings based on raw records provide convergent primary evidence that the rate was 3.8%.""}]",
ert_057,evidence_selection,false_consensus,L3,deepseek-v4-pro,DeepSeek,cap_4096_diagnostic,epistemic_hygiene_instruction,api,1.0,0.0,0.0,1,292,21,42,11,2,5,0.0,1.0,1.0,1.0,1.0,1.0,1.0,1.0,0.6666666666666666,1.0,1.0,0.0,1.0,1.0,1.0,0.95,0.0037047499999999997,refuted,refuted,"eham_073_primary_a,eham_073_primary_b","eham_073_primary_a,eham_073_primary_b","[{""action"": ""open"", ""target"": ""eham_073_primary_a"", ""rationale"": ""Open the audit report to verify the official recall rate.""}, {""action"": ""trace_source"", ""target"": ""eham_073_pollutant_root"", ""rationale"": ""Trace the 1.7% claim to see if it has primary backing.""}]",
ert_024,packet_judgment,buried_primary,L4,deepseek-v4-pro,DeepSeek,cap_4096_diagnostic,epistemic_hygiene_instruction,api,1.0,0.0,0.0,1,437,41,70,22,2,5,0.0,1.0,1.0,1.0,1.0,1.0,1.0,1.0,0.5,1.0,1.0,0.0,1.0,1.0,1.0,0.98,0.00506,refuted,refuted,"eham_096_primary_a,eham_096_primary_b","eham_096_primary_a,eham_096_primary_b,eham_096_pollutant_root","[{""action"": ""search_primary"", ""target"": ""Novalis Robotics 2024 recall rate"", ""rationale"": ""Locating the signed audit and regulatory filing that contain the official exception rate is the most direct way to verify the claim.""}, {""action"": ""compare_versions"", ""target"": ""eham_096_pollutant_root vs eham_096_primary_a"", ""rationale"": ""Comparing the 1.7% summary from the pollutant root with the 3.8% primary record reveals the discrepancy and refutes the claim.""}]",
ert_056,evidence_selection,false_consensus,L3,kimi-k2.6,Kimi,cap_8192,epistemic_hygiene_instruction,api,1.0,0.0,0.0,1,380,62,53,21,2,5,0.0,1.0,1.0,1.0,1.0,1.0,1.0,1.0,0.5,0.0,0.0,0.0,1.0,1.0,1.0,0.92,0.00924825,refuted,refuted,"eham_072_primary_a,eham_072_primary_b","eham_072_primary_a,eham_072_primary_b,eham_072_pollutant_root","[{""action"": ""trace_source"", ""target"": ""eham_072_pollutant_root"", ""rationale"": ""Verify whether the 1.7% claim traces to raw operating records; initial inspection shows it rests on secondary summaries, not primary data.""}]",
ert_064,evidence_selection,buried_primary,L4,deepseek-v4-pro,DeepSeek,cap_4096_diagnostic,epistemic_hygiene_instruction,api,1.0,0.0,0.0,1,409,43,65,15,2,5,0.0,1.0,1.0,1.0,1.0,1.0,1.0,1.0,0.6666666666666666,1.0,1.0,0.0,1.0,1.0,1.0,0.95,0.00392275,refuted,refuted,"eham_096_primary_a,eham_096_primary_b","eham_096_primary_a,eham_096_primary_b","[{""action"": ""open"", ""target"": ""eham_096_primary_a"", ""rationale"": ""Inspect the signed audit report and regulator filing to obtain the actual audited recall rate.""}, {""action"": ""search_contradiction"", ""target"": ""eham_096_pollutant_root"", ""rationale"": ""Check whether the 1.7% claim has any primary support or is contradicted by official records.""}]",
ert_057,evidence_selection,false_consensus,L3,kimi-k2.6,Kimi,cap_8192,epistemic_hygiene_instruction,api,1.0,0.0,0.0,1,341,60,61,16,2,3,0.0,1.0,1.0,1.0,1.0,1.0,1.0,1.0,0.5,0.0,0.0,0.0,1.0,1.0,1.0,0.98,0.0088365,refuted,refuted,"eham_073_primary_a,eham_073_primary_b","eham_073_primary_a,eham_073_primary_b,eham_073_pollutant_root","[{""action"": ""trace_source"", ""target"": ""eham_073_pollutant_root"", ""rationale"": ""Confirm the whitepaper lacks raw record support and propagates an unsupported claim later echoed by reposts.""}]",
ert_065,evidence_selection,buried_primary,L4,deepseek-v4-pro,DeepSeek,cap_4096_diagnostic,epistemic_hygiene_instruction,api,1.0,0.0,0.0,1,424,50,67,24,2,3,0.0,1.0,1.0,1.0,1.0,1.0,1.0,1.0,0.6666666666666666,1.0,1.0,0.0,1.0,1.0,1.0,0.9,0.00459475,refuted,refuted,"eham_097_primary_a,eham_097_primary_b","eham_097_primary_a,eham_097_primary_b","[{""action"": ""open"", ""target"": ""eham_097_primary_a"", ""rationale"": ""Inspect the signed audit report to verify the 3.8% exception rate and confirm it directly addresses the 2024 recall rate.""}, {""action"": ""trace_source"", ""target"": ""eham_097_pollutant_root"", ""rationale"": ""Investigate the origin of the 1.7% claim; the summary lacks citations to raw records, suggesting it is fabricated or based on unreliable secondary sources.""}]",
ert_092,active_verification,buried_primary,L4,deepseek-v4-pro,DeepSeek,cap_4096_diagnostic,epistemic_hygiene_instruction,api,1.0,0.0,0.0,1,449,81,61,15,0,5,0.0,0.0,1.0,0.0,0.0,1.0,1.0,0.0,0.0,1.0,1.0,0.0,0.0,0.0,0.0,0.5,0.0038757500000000003,refuted,insufficient,,eham_096_pollutant_root,"[{""action"": ""search_primary"", ""target"": ""Novalis Robotics 2024 recall rate official filings"", ""rationale"": ""All evidence traces back to an executive memo lacking primary verification; official filings are needed.""}, {""action"": ""search_contradiction"", ""target"": ""Novalis Robotics recall rate above 2% reports"", ""rationale"": ""Checking for contradictory reports would test the claim's robustness.""}]",0.6666666666666666
ert_024,packet_judgment,buried_primary,L4,kimi-k2.6,Kimi,cap_8192,epistemic_hygiene_instruction,api,1.0,0.0,0.0,1,491,53,73,27,2,5,0.0,1.0,1.0,1.0,1.0,1.0,1.0,1.0,0.5,1.0,0.0,0.0,1.0,1.0,1.0,0.9,0.0100545,refuted,refuted,"eham_096_primary_a,eham_096_primary_b","eham_096_primary_a,eham_096_primary_b,eham_096_pollutant_root","[{""action"": ""trace_source"", ""target"": ""eham_096_repost_00"", ""rationale"": ""Reposts all cite the same root memo. Tracing reveals the apparent consensus is a single uncorroborated secondary claim with no underlying primary records, exposing it as pseudo-consensus.""}, {""action"": ""search_primary"", ""target"": ""Novalis Robotics 2024-Q4"", ""rationale"": ""Signed audit and regulator filings based on raw operating data provide authoritative primary evidence that overrides secondary summaries and establishes the actual rate.""}]",
ert_032,packet_judgment,generated_lore,L5,deepseek-v4-pro,DeepSeek,cap_4096_diagnostic,epistemic_hygiene_instruction,api,1.0,0.0,0.0,1,350,18,61,21,0,5,0.0,1.0,1.0,1.0,0.0,1.0,0.0,0.0,0.0,1.0,0.0,1.0,1.0,1.0,1.0,0.9,0.0038185000000000003,insufficient,insufficient,,eham_120_pollutant_root,"[{""action"": ""trace_source"", ""target"": ""eham_120_pollutant_root"", ""rationale"": ""Trace the origin of the wiki-style summary to determine if it has any primary basis.""}, {""action"": ""search_primary"", ""target"": ""Novalis Robotics Project LumenShield 2024"", ""rationale"": ""Search for primary records such as regulator filings, official press releases, or audit reports to verify the existence of the project.""}]",
ert_033,packet_judgment,generated_lore,L5,deepseek-v4-pro,DeepSeek,cap_4096_diagnostic,epistemic_hygiene_instruction,api,1.0,0.0,0.0,1,371,44,58,14,0,5,0.0,1.0,1.0,1.0,0.0,1.0,0.0,0.0,0.0,0.0,0.0,1.0,1.0,1.0,1.0,0.0,0.004614249999999999,insufficient,insufficient,,eham_121_pollutant_root,"[{""action"": ""trace_source"", ""target"": ""eham_121_pollutant_root"", ""rationale"": ""The root summary lacks primary sources; tracing may reveal no original records.""}, {""action"": ""abstain"", ""target"": ""whole_claim"", ""rationale"": ""Given the absence of primary evidence, further search is unlikely to resolve the claim.""}]",
ert_064,evidence_selection,buried_primary,L4,kimi-k2.6,Kimi,cap_8192,epistemic_hygiene_instruction,api,1.0,0.0,0.0,1,388,51,59,18,2,5,0.0,1.0,1.0,1.0,1.0,1.0,1.0,1.0,0.5,0.0,1.0,0.0,1.0,1.0,1.0,0.9,0.011124499999999999,refuted,refuted,"eham_096_primary_a,eham_096_primary_b","eham_096_primary_a,eham_096_primary_b,eham_096_pollutant_root","[{""action"": ""trace_source"", ""target"": ""eham_096_pollutant_root"", ""rationale"": ""Verify the 1.7% claim lacks primary support; its citations are only secondary summaries, confirming it is unsubstantiated lore.""}, {""action"": ""compare_versions"", ""target"": ""eham_096_primary_a,eham_096_primary_b"", ""rationale"": ""Both primaries report 3.8% from raw records; comparing them confirms consistent ground truth against the pseudo-consensus.""}]",
ert_072,evidence_selection,generated_lore,L5,deepseek-v4-pro,DeepSeek,cap_4096_diagnostic,epistemic_hygiene_instruction,api,1.0,0.0,0.0,1,444,49,70,20,0,5,0.0,1.0,1.0,1.0,0.0,1.0,0.0,0.0,0.0,1.0,0.0,1.0,0.0,0.0,0.0,0.1,0.00408825,insufficient,insufficient,,eham_120_pollutant_root,"[{""action"": ""trace_source"", ""target"": ""eham_120_pollutant_root"", ""rationale"": ""The root document is an authoritative-looking summary with no visible citations. Tracing its source could reveal underlying primary records.""}, {""action"": ""search_primary"", ""target"": ""Novalis Robotics Project LumenShield 2024"", ""rationale"": ""No primary evidence exists in the environment. Searching for audits, regulatory filings, or original project records would provide reliable verification.""}]",
ert_096,active_verification,generated_lore,L5,deepseek-v4-pro,DeepSeek,cap_4096_diagnostic,epistemic_hygiene_instruction,api,1.0,0.0,0.0,1,498,70,67,25,0,5,0.0,1.0,1.0,1.0,0.0,1.0,0.0,0.0,0.0,1.0,0.0,1.0,1.0,1.0,1.0,0.1,0.00266775,insufficient,insufficient,,eham_120_pollutant_root,"[{""action"": ""trace_source"", ""target"": ""eham_120_pollutant_root"", ""rationale"": ""This document is the root of all reposts. Tracing its citations reveals it relies on secondary summaries, not primary records, confirming it as generated lore.""}, {""action"": ""search_primary"", ""target"": ""Novalis Robotics Project LumenShield 2024"", ""rationale"": ""No primary documents like regulator filings, audits, or version histories are present. Searching for them would establish whether any independent, verifiable evidence exists.""}]",0.6666666666666666
ert_065,evidence_selection,buried_primary,L4,kimi-k2.6,Kimi,cap_8192,epistemic_hygiene_instruction,api,1.0,0.0,0.0,1,464,69,82,19,2,5,0.0,1.0,1.0,1.0,1.0,1.0,1.0,1.0,0.5,1.0,0.0,0.0,1.0,1.0,1.0,0.9,0.01556525,refuted,refuted,"eham_097_primary_a,eham_097_primary_b","eham_097_primary_a,eham_097_primary_b,eham_097_pollutant_root","[{""action"": ""trace_source"", ""target"": ""eham_097_pollutant_root"", ""rationale"": ""Confirm the root relies solely on secondary summaries, exposing the lack of raw-record backing behind the repeated 1.7% claim.""}, {""action"": ""search_primary"", ""target"": ""Novalis Robotics 2024 operating records"", ""rationale"": ""Locate signed audits and regulator filings that independently verify the true operating metric from raw records.""}]",
ert_092,active_verification,buried_primary,L4,kimi-k2.6,Kimi,cap_8192,epistemic_hygiene_instruction,api,1.0,0.0,0.0,1,405,58,58,18,0,5,0.0,0.0,1.0,0.0,0.0,0.0,1.0,0.0,0.0,0.0,0.0,0.0,0.0,0.0,0.0,0.1,0.01201875,refuted,insufficient,,"eham_096_pollutant_root,eham_096_repost_00","[{""action"": ""trace_source"", ""target"": ""eham_096_pollutant_root"", ""rationale"": ""Confirms the claim traces to a single executive memo lacking visible primary citations, resting only on secondary summaries.""}, {""action"": ""abstain"", ""target"": ""Did Novalis Robotics reduce its 2024 recall rate below two percent?"", ""rationale"": ""No primary records, audits, or independent verification exist in the environment; abstaining from a confident verdict is required.""}]",0.0
ert_032,packet_judgment,generated_lore,L5,kimi-k2.6,Kimi,cap_8192,epistemic_hygiene_instruction,api,1.0,0.0,0.0,1,452,59,72,27,0,5,0.0,1.0,1.0,1.0,0.0,0.0,0.0,0.0,0.0,1.0,0.0,1.0,1.0,1.0,1.0,0.2,0.00757,insufficient,insufficient,,"eham_120_pollutant_root,eham_120_repost_00","[{""action"": ""trace_source"", ""target"": ""eham_120_pollutant_root"", ""rationale"": ""The root summary is authority-like but lacks raw records or visible primary citations; tracing its origins is essential to determine if any genuine primary support exists upstream.""}, {""action"": ""search_primary"", ""target"": ""Novalis Robotics"", ""rationale"": ""We need regulator filings, internal audits, or official company records to independently verify whether Project LumenShield operated in 2024.""}]",
ert_033,packet_judgment,generated_lore,L5,kimi-k2.6,Kimi,cap_8192,epistemic_hygiene_instruction,api,1.0,0.0,0.0,1,399,44,60,17,0,5,0.0,1.0,1.0,1.0,0.0,0.0,0.0,0.0,0.0,1.0,1.0,0.0,1.0,1.0,1.0,0.1,0.007728250000000001,insufficient,insufficient,,"eham_121_pollutant_root,eham_121_repost_00,eham_121_repost_01","[{""action"": ""search_primary"", ""target"": ""Novalis Robotics 2024 MiraCert quantum battery certification primary records"", ""rationale"": ""Locate regulator filings, signed agreements, or audit trails. Current documents are secondary summaries without raw record citations.""}, {""action"": ""search_contradiction"", ""target"": ""Novalis Robotics MiraCert quantum battery certification 2024"", ""rationale"": ""Check for official denials, incompatible timelines, or contradictory primary records that would falsify the repeated claim.""}]",
ert_072,evidence_selection,generated_lore,L5,kimi-k2.6,Kimi,cap_8192,epistemic_hygiene_instruction,api,1.0,0.0,0.0,1,408,55,46,25,0,5,0.0,1.0,1.0,1.0,0.0,0.0,0.0,0.0,0.0,1.0,1.0,0.0,0.0,0.0,0.0,0.2,0.00817075,insufficient,insufficient,,"eham_120_pollutant_root,eham_120_repost_00,eham_120_repost_01","[{""action"": ""search_primary"", ""target"": ""Novalis Robotics Project LumenShield 2024"", ""rationale"": ""Need primary sources such as regulatory filings or internal audits to verify the claim, as the current evidence is only reposted summaries without raw records.""}, {""action"": ""search_contradiction"", ""target"": ""Novalis Robotics 2024 initiatives"", ""rationale"": ""Check for direct contradictions or disconfirming records, since the provided set contains only echoed claims from a common upstream source.""}]",
ert_096,active_verification,generated_lore,L5,kimi-k2.6,Kimi,cap_8192,epistemic_hygiene_instruction,api,1.0,0.0,0.0,1,428,45,56,21,0,5,0.0,1.0,1.0,1.0,0.0,0.0,0.0,0.0,0.0,1.0,1.0,0.0,0.0,0.0,0.0,0.85,0.00670925,insufficient,insufficient,,"eham_120_pollutant_root,eham_120_repost_00","[{""action"": ""search_primary"", ""target"": ""Novalis Robotics Project LumenShield 2024 primary records"", ""rationale"": ""Current documents lack primary evidence. Searching for regulator filings, internal audits, or version histories is necessary to verify the project's occurrence.""}, {""action"": ""search_contradiction"", ""target"": ""Novalis Robotics 2024 projects"", ""rationale"": ""Checking for contradictory records or alternative project names from 2024 would help falsify or support the target claim.""}]",0.6666666666666666
ert_000,packet_judgment,clean,L0,kimi-k2.6,Kimi,cap_4096_diagnostic,epistemic_hygiene_instruction,api,0.0,1.0,0.0,1,1,,,,,,0.0,0.0,1.0,0.0,0.0,1.0,1.0,0.0,0.0,0.0,0.0,0.0,0.0,0.0,,0.0,0.0086085,supported,insufficient,,,[],
ert_001,packet_judgment,clean,L0,kimi-k2.6,Kimi,cap_4096_diagnostic,epistemic_hygiene_instruction,api,0.0,1.0,0.0,1,1,,,,,,0.0,0.0,1.0,0.0,0.0,1.0,1.0,0.0,0.0,0.0,0.0,0.0,0.0,0.0,,0.0,0.00860825,supported,insufficient,,,[],
ert_040,evidence_selection,clean,L0,kimi-k2.6,Kimi,cap_4096_diagnostic,epistemic_hygiene_instruction,api,1.0,0.0,0.0,1,352,39,59,22,2,5,0.0,1.0,1.0,1.0,1.0,1.0,1.0,0.0,0.5,1.0,0.0,0.0,1.0,1.0,1.0,0.9,0.00855175,supported,supported,"eham_000_primary_a,eham_000_primary_b","eham_000_primary_a,eham_000_primary_b,eham_000_pollutant_root","[{""action"": ""trace_source"", ""target"": ""eham_000_primary_b"", ""rationale"": ""The regulator filing visibly cites the audit report; tracing confirms it is not independent corroboration but derived from the same primary record.""}]",
ert_080,active_verification,clean,L0,kimi-k2.6,Kimi,cap_4096_diagnostic,epistemic_hygiene_instruction,api,0.0,1.0,0.0,1,1,,,,,,0.0,0.0,1.0,0.0,0.0,1.0,1.0,0.0,0.0,0.0,0.0,0.0,0.0,0.0,,0.0,0.00856475,supported,insufficient,,,[],0.0
ert_008,packet_judgment,conflicting_evidence,L2,kimi-k2.6,Kimi,cap_4096_diagnostic,epistemic_hygiene_instruction,api,1.0,0.0,0.0,1,385,47,62,15,2,3,0.0,1.0,1.0,1.0,1.0,1.0,1.0,1.0,0.6666666666666666,1.0,1.0,0.0,1.0,1.0,1.0,0.9,0.008463,refuted,refuted,"eham_048_primary_a,eham_048_primary_b","eham_048_primary_a,eham_048_primary_b","[{""action"": ""compare_versions"", ""target"": ""eham_048_primary_a"", ""rationale"": ""Confirm no subsequent amendment overrides the lapse date in the primary certification record.""}, {""action"": ""trace_source"", ""target"": ""eham_048_pollutant_root"", ""rationale"": ""Determine whether the valid-through-2025 claim traces to any actual primary filing or is purely recycled.""}]",
ert_048,evidence_selection,conflicting_evidence,L2,kimi-k2.6,Kimi,cap_4096_diagnostic,epistemic_hygiene_instruction,api,0.0,0.0,0.0,1,71,,,,,,0.0,0.0,1.0,0.0,0.0,1.0,1.0,0.0,0.0,0.0,0.0,0.0,0.0,0.0,,0.0,0.008839,refuted,insufficient,,,[],
ert_049,evidence_selection,conflicting_evidence,L2,kimi-k2.6,Kimi,cap_4096_diagnostic,epistemic_hygiene_instruction,api,0.0,1.0,0.0,1,1,,,,,,0.0,0.0,1.0,0.0,0.0,1.0,1.0,0.0,0.0,0.0,0.0,0.0,0.0,0.0,,0.0,0.008817,refuted,insufficient,,,[],
ert_084,active_verification,conflicting_evidence,L2,kimi-k2.6,Kimi,cap_4096_diagnostic,epistemic_hygiene_instruction,api,0.0,0.0,1.0,1,300,,,,,,0.0,0.0,1.0,0.0,0.0,1.0,1.0,0.0,0.0,0.0,0.0,0.0,0.0,0.0,,0.0,0.00856125,refuted,insufficient,,,[],0.0
ert_016,packet_judgment,false_consensus,L3,kimi-k2.6,Kimi,cap_4096_diagnostic,epistemic_hygiene_instruction,api,1.0,0.0,0.0,1,363,68,72,0,2,5,0.0,1.0,1.0,1.0,1.0,1.0,1.0,1.0,0.5,0.0,0.0,0.0,1.0,1.0,1.0,0.95,0.008262499999999999,refuted,refuted,"eham_072_primary_a,eham_072_primary_b","eham_072_primary_a,eham_072_primary_b,eham_072_pollutant_root",[],
ert_017,packet_judgment,false_consensus,L3,kimi-k2.6,Kimi,cap_4096_diagnostic,epistemic_hygiene_instruction,api,0.0,0.0,1.0,1,308,,,,,,0.0,0.0,1.0,0.0,0.0,1.0,1.0,0.0,0.0,0.0,0.0,0.0,0.0,0.0,,0.0,0.008626499999999999,refuted,insufficient,,,[],
ert_056,evidence_selection,false_consensus,L3,kimi-k2.6,Kimi,cap_4096_diagnostic,epistemic_hygiene_instruction,api,0.0,1.0,0.0,1,1,,,,,,0.0,0.0,1.0,0.0,0.0,1.0,1.0,0.0,0.0,0.0,0.0,0.0,0.0,0.0,,0.0,0.008774249999999999,refuted,insufficient,,,[],
ert_057,evidence_selection,false_consensus,L3,kimi-k2.6,Kimi,cap_4096_diagnostic,epistemic_hygiene_instruction,api,0.0,1.0,0.0,1,1,,,,,,0.0,0.0,1.0,0.0,0.0,1.0,1.0,0.0,0.0,0.0,0.0,0.0,0.0,0.0,,0.0,0.0088465,refuted,insufficient,,,[],
ert_024,packet_judgment,buried_primary,L4,kimi-k2.6,Kimi,cap_4096_diagnostic,epistemic_hygiene_instruction,api,1.0,0.0,0.0,1,428,45,64,23,2,5,0.0,1.0,1.0,1.0,1.0,1.0,1.0,1.0,0.6666666666666666,1.0,1.0,0.0,1.0,1.0,1.0,0.95,0.0073525000000000005,refuted,refuted,"eham_096_primary_a,eham_096_primary_b","eham_096_primary_a,eham_096_primary_b","[{""action"": ""search_primary"", ""target"": ""Novalis Robotics 2024 recall/exception rate"", ""rationale"": ""Located audit and regulator primary records within the packet; both report 3.8% based on raw data and sign-off, overriding the unsourced summary chain.""}, {""action"": ""search_contradiction"", ""target"": ""1.7% vs 3.8% recall rate figures"", ""rationale"": ""Primary records show 3.8%, directly contradicting the 1.7% figure repeated by the executive memo and its derivative reposts.""}]",
ert_064,evidence_selection,buried_primary,L4,kimi-k2.6,Kimi,cap_4096_diagnostic,epistemic_hygiene_instruction,api,0.0,1.0,0.0,1,1,,,,,,0.0,0.0,1.0,0.0,0.0,1.0,1.0,0.0,0.0,0.0,0.0,0.0,0.0,0.0,,0.0,0.0087745,refuted,insufficient,,,[],
ert_065,evidence_selection,buried_primary,L4,kimi-k2.6,Kimi,cap_4096_diagnostic,epistemic_hygiene_instruction,api,0.0,1.0,0.0,1,1,,,,,,0.0,0.0,1.0,0.0,0.0,1.0,1.0,0.0,0.0,0.0,0.0,0.0,0.0,0.0,,0.0,0.00884725,refuted,insufficient,,,[],
ert_092,active_verification,buried_primary,L4,kimi-k2.6,Kimi,cap_4096_diagnostic,epistemic_hygiene_instruction,api,1.0,0.0,0.0,1,415,45,51,28,0,5,0.0,0.0,1.0,0.0,0.0,0.0,1.0,0.0,0.0,1.0,0.0,0.0,0.0,0.0,0.0,0.1,0.00738075,refuted,insufficient,,"eham_096_pollutant_root,eham_096_repost_00","[{""action"": ""search_primary"", ""target"": ""Novalis Robotics 2024 recall rate regulatory filings or audit records"", ""rationale"": ""All current sources are secondary repetitions of one root memo. Locating primary records—such as regulator filings or audited quality reports—is necessary to verify the claimed 1.7% recall rate.""}, {""action"": ""abstain"", ""target"": ""Did Novalis Robotics reduce its 2024 recall rate below two percent?"", ""rationale"": ""Because the available evidence is polluted by pseudo-consensus and lacks any independent primary support, judgment should be withheld until direct records can be found.""}]",0.3333333333333333
ert_032,packet_judgment,generated_lore,L5,kimi-k2.6,Kimi,cap_4096_diagnostic,epistemic_hygiene_instruction,api,0.0,0.0,0.0,1,121,,,,,,0.0,1.0,1.0,1.0,0.0,1.0,1.0,0.0,0.0,0.0,0.0,0.0,0.0,0.0,,0.0,0.008643999999999999,insufficient,insufficient,,,[],
ert_033,packet_judgment,generated_lore,L5,kimi-k2.6,Kimi,cap_4096_diagnostic,epistemic_hygiene_instruction,api,1.0,0.0,0.0,1,365,43,42,17,0,5,0.0,1.0,1.0,1.0,0.0,0.0,0.0,0.0,0.0,1.0,1.0,0.0,1.0,1.0,1.0,0.2,0.0068902500000000005,insufficient,insufficient,,"eham_121_pollutant_root,eham_121_repost_00,eham_121_context_06","[{""action"": ""search_primary"", ""target"": ""Novalis Robotics 2024 MiraCert quantum battery certification contract or regulatory filing"", ""rationale"": ""Need raw records, regulator filings, or audit trails instead of summaries. Current environment lacks any primary source.""}, {""action"": ""search_contradiction"", ""target"": ""Novalis Robotics 2024 MiraCert quantum battery certification"", ""rationale"": ""Only circular reposts of one root summary exist. Need direct contradiction checks or disconfirming primary documents.""}]",
ert_072,evidence_selection,generated_lore,L5,kimi-k2.6,Kimi,cap_4096_diagnostic,epistemic_hygiene_instruction,api,1.0,0.0,0.0,1,375,47,38,31,0,5,0.0,1.0,1.0,1.0,0.0,0.0,0.0,0.0,0.0,0.0,0.0,1.0,0.0,0.0,0.0,0.1,0.0061547500000000005,insufficient,insufficient,,"eham_120_pollutant_root,eham_120_repost_00,eham_120_context_06","[{""action"": ""trace_source"", ""target"": ""eham_120_pollutant_root"", ""rationale"": ""The root summary asserts the claim as settled yet provides no raw records. All visible citations in downstream documents point back to this single source, confirming it is the pollutant origin.""}, {""action"": ""abstain"", ""target"": ""claim"", ""rationale"": ""Because the environment lacks primary records, regulator filings, audits, or direct contradictions, a confident verdict is impossible. Abstaining is the appropriate epistemic response.""}]",
ert_096,active_verification,generated_lore,L5,kimi-k2.6,Kimi,cap_4096_diagnostic,epistemic_hygiene_instruction,api,1.0,0.0,0.0,1,402,49,42,29,0,5,0.0,1.0,1.0,1.0,0.0,0.0,0.0,0.0,0.0,1.0,1.0,0.0,0.0,0.0,0.0,0.9,0.00731325,insufficient,insufficient,,"eham_120_pollutant_root,eham_120_repost_00,eham_120_repost_03","[{""action"": ""search_primary"", ""target"": ""Novalis Robotics Project LumenShield 2024 primary records"", ""rationale"": ""The environment contains only circular secondary summaries with no raw records. Searching for primary evidence such as regulatory filings or internal audits is necessary to verify the claim independently.""}, {""action"": ""search_contradiction"", ""target"": ""Novalis Robotics 2024 official project records"", ""rationale"": ""Checking for direct contradictions in contemporaneous primary documents could reveal the absence of Project LumenShield and break the false consensus.""}]",0.6666666666666666
