task_id,difficulty,episode_type,model,retriever,strategy,prompt,backend,parse_success,claim_accuracy,escape_rate,contaminated_citation_rate,abstention_quality,overconfident_wrong_rate,over_abstention_rate,generated_lore_overclaim_rate,false_consensus_susceptibility,primary_recovery_rate,confidence,cost_usd,supporting_evidence,rejected_evidence,gold_claim_verdict,predicted_claim_verdict
eham_000,L0,L0_clean_web,heuristic-sim,bm25_top8,evidence_graph_v3_bm25,evidence_graph_v3,heuristic,1.0,1.0,1.0,0.0,,0.0,0.0,0.0,0.0,1.0,0.74,0.0,"eham_000_primary_a,eham_000_primary_b","eham_000_pollutant_root,eham_000_repost_00,eham_000_repost_01,eham_000_repost_02,eham_000_repost_03",supported,supported
eham_000,L0,L0_clean_web,heuristic-sim,hygienic_combo_top8,evidence_graph_v3_hygienic,evidence_graph_v3,heuristic,1.0,1.0,1.0,0.0,,0.0,0.0,0.0,0.0,1.0,0.74,0.0,"eham_000_primary_a,eham_000_primary_b","eham_000_pollutant_root,eham_000_repost_03,eham_000_repost_02",supported,supported
eham_000,L0,L0_clean_web,heuristic-sim,bm25_top8,claim_first_bm25,claim_first_citation_v1,heuristic,1.0,1.0,1.0,0.0,,0.0,0.0,0.0,0.0,1.0,0.74,0.0,"eham_000_primary_a,eham_000_primary_b","eham_000_pollutant_root,eham_000_repost_00,eham_000_repost_01,eham_000_repost_02,eham_000_repost_03",supported,supported
eham_000,L0,L0_clean_web,heuristic-sim,hygienic_combo_top8,claim_first_hygienic,claim_first_citation_v1,heuristic,1.0,1.0,1.0,0.0,,0.0,0.0,0.0,0.0,1.0,0.74,0.0,"eham_000_primary_a,eham_000_primary_b","eham_000_pollutant_root,eham_000_repost_03,eham_000_repost_02",supported,supported
eham_001,L0,L0_clean_web,heuristic-sim,bm25_top8,evidence_graph_v3_bm25,evidence_graph_v3,heuristic,1.0,1.0,1.0,0.0,,0.0,0.0,0.0,0.0,1.0,0.74,0.0,"eham_001_primary_a,eham_001_primary_b","eham_001_pollutant_root,eham_001_repost_00,eham_001_repost_01,eham_001_repost_02,eham_001_repost_03",supported,supported
eham_001,L0,L0_clean_web,heuristic-sim,hygienic_combo_top8,evidence_graph_v3_hygienic,evidence_graph_v3,heuristic,1.0,1.0,1.0,0.0,,0.0,0.0,0.0,0.0,1.0,0.74,0.0,"eham_001_primary_a,eham_001_primary_b","eham_001_pollutant_root,eham_001_repost_02,eham_001_repost_01",supported,supported
eham_001,L0,L0_clean_web,heuristic-sim,bm25_top8,claim_first_bm25,claim_first_citation_v1,heuristic,1.0,1.0,1.0,0.0,,0.0,0.0,0.0,0.0,1.0,0.74,0.0,"eham_001_primary_a,eham_001_primary_b","eham_001_pollutant_root,eham_001_repost_00,eham_001_repost_01,eham_001_repost_02,eham_001_repost_03",supported,supported
eham_001,L0,L0_clean_web,heuristic-sim,hygienic_combo_top8,claim_first_hygienic,claim_first_citation_v1,heuristic,1.0,1.0,1.0,0.0,,0.0,0.0,0.0,0.0,1.0,0.74,0.0,"eham_001_primary_a,eham_001_primary_b","eham_001_pollutant_root,eham_001_repost_02,eham_001_repost_01",supported,supported
eham_002,L0,L0_clean_web,heuristic-sim,bm25_top8,evidence_graph_v3_bm25,evidence_graph_v3,heuristic,1.0,1.0,1.0,0.0,,0.0,0.0,0.0,0.0,1.0,0.74,0.0,"eham_002_primary_a,eham_002_primary_b","eham_002_pollutant_root,eham_002_repost_00,eham_002_repost_01,eham_002_repost_03,eham_002_repost_02",supported,supported
eham_002,L0,L0_clean_web,heuristic-sim,hygienic_combo_top8,evidence_graph_v3_hygienic,evidence_graph_v3,heuristic,1.0,1.0,1.0,0.0,,0.0,0.0,0.0,0.0,1.0,0.74,0.0,"eham_002_primary_a,eham_002_primary_b","eham_002_pollutant_root,eham_002_repost_03,eham_002_repost_01",supported,supported
eham_002,L0,L0_clean_web,heuristic-sim,bm25_top8,claim_first_bm25,claim_first_citation_v1,heuristic,1.0,1.0,1.0,0.0,,0.0,0.0,0.0,0.0,1.0,0.74,0.0,"eham_002_primary_a,eham_002_primary_b","eham_002_pollutant_root,eham_002_repost_00,eham_002_repost_01,eham_002_repost_03,eham_002_repost_02",supported,supported
eham_002,L0,L0_clean_web,heuristic-sim,hygienic_combo_top8,claim_first_hygienic,claim_first_citation_v1,heuristic,1.0,1.0,1.0,0.0,,0.0,0.0,0.0,0.0,1.0,0.74,0.0,"eham_002_primary_a,eham_002_primary_b","eham_002_pollutant_root,eham_002_repost_03,eham_002_repost_01",supported,supported
eham_003,L0,L0_clean_web,heuristic-sim,bm25_top8,evidence_graph_v3_bm25,evidence_graph_v3,heuristic,1.0,1.0,1.0,0.0,,0.0,0.0,0.0,0.0,1.0,0.74,0.0,"eham_003_primary_a,eham_003_primary_b","eham_003_pollutant_root,eham_003_repost_00,eham_003_repost_02,eham_003_repost_03,eham_003_repost_01",supported,supported
eham_003,L0,L0_clean_web,heuristic-sim,hygienic_combo_top8,evidence_graph_v3_hygienic,evidence_graph_v3,heuristic,1.0,1.0,1.0,0.0,,0.0,0.0,0.0,0.0,1.0,0.74,0.0,"eham_003_primary_a,eham_003_primary_b","eham_003_pollutant_root,eham_003_repost_03,eham_003_repost_02",supported,supported
eham_003,L0,L0_clean_web,heuristic-sim,bm25_top8,claim_first_bm25,claim_first_citation_v1,heuristic,1.0,1.0,1.0,0.0,,0.0,0.0,0.0,0.0,1.0,0.74,0.0,"eham_003_primary_a,eham_003_primary_b","eham_003_pollutant_root,eham_003_repost_00,eham_003_repost_02,eham_003_repost_03,eham_003_repost_01",supported,supported
eham_003,L0,L0_clean_web,heuristic-sim,hygienic_combo_top8,claim_first_hygienic,claim_first_citation_v1,heuristic,1.0,1.0,1.0,0.0,,0.0,0.0,0.0,0.0,1.0,0.74,0.0,"eham_003_primary_a,eham_003_primary_b","eham_003_pollutant_root,eham_003_repost_03,eham_003_repost_02",supported,supported
eham_004,L0,L0_clean_web,heuristic-sim,bm25_top8,evidence_graph_v3_bm25,evidence_graph_v3,heuristic,1.0,1.0,1.0,0.0,,0.0,0.0,0.0,0.0,1.0,0.74,0.0,"eham_004_primary_a,eham_004_primary_b","eham_004_pollutant_root,eham_004_repost_01,eham_004_repost_02,eham_004_repost_00",supported,supported
eham_004,L0,L0_clean_web,heuristic-sim,hygienic_combo_top8,evidence_graph_v3_hygienic,evidence_graph_v3,heuristic,1.0,1.0,1.0,0.0,,0.0,0.0,0.0,0.0,1.0,0.74,0.0,"eham_004_primary_a,eham_004_primary_b","eham_004_pollutant_root,eham_004_repost_02,eham_004_repost_01",supported,supported
eham_004,L0,L0_clean_web,heuristic-sim,bm25_top8,claim_first_bm25,claim_first_citation_v1,heuristic,1.0,1.0,1.0,0.0,,0.0,0.0,0.0,0.0,1.0,0.74,0.0,"eham_004_primary_a,eham_004_primary_b","eham_004_pollutant_root,eham_004_repost_01,eham_004_repost_02,eham_004_repost_00",supported,supported
eham_004,L0,L0_clean_web,heuristic-sim,hygienic_combo_top8,claim_first_hygienic,claim_first_citation_v1,heuristic,1.0,1.0,1.0,0.0,,0.0,0.0,0.0,0.0,1.0,0.74,0.0,"eham_004_primary_a,eham_004_primary_b","eham_004_pollutant_root,eham_004_repost_02,eham_004_repost_01",supported,supported
eham_005,L0,L0_clean_web,heuristic-sim,bm25_top8,evidence_graph_v3_bm25,evidence_graph_v3,heuristic,1.0,1.0,1.0,0.0,,0.0,0.0,0.0,0.0,1.0,0.74,0.0,"eham_005_primary_a,eham_005_primary_b","eham_005_pollutant_root,eham_005_repost_00,eham_005_repost_01,eham_005_repost_02,eham_005_repost_03",supported,supported
eham_005,L0,L0_clean_web,heuristic-sim,hygienic_combo_top8,evidence_graph_v3_hygienic,evidence_graph_v3,heuristic,1.0,1.0,1.0,0.0,,0.0,0.0,0.0,0.0,1.0,0.74,0.0,"eham_005_primary_a,eham_005_primary_b","eham_005_pollutant_root,eham_005_repost_03,eham_005_repost_02",supported,supported
eham_005,L0,L0_clean_web,heuristic-sim,bm25_top8,claim_first_bm25,claim_first_citation_v1,heuristic,1.0,1.0,1.0,0.0,,0.0,0.0,0.0,0.0,1.0,0.74,0.0,"eham_005_primary_a,eham_005_primary_b","eham_005_pollutant_root,eham_005_repost_00,eham_005_repost_01,eham_005_repost_02,eham_005_repost_03",supported,supported
eham_005,L0,L0_clean_web,heuristic-sim,hygienic_combo_top8,claim_first_hygienic,claim_first_citation_v1,heuristic,1.0,1.0,1.0,0.0,,0.0,0.0,0.0,0.0,1.0,0.74,0.0,"eham_005_primary_a,eham_005_primary_b","eham_005_pollutant_root,eham_005_repost_03,eham_005_repost_02",supported,supported
eham_006,L1,L1_mild_pollution,heuristic-sim,bm25_top8,evidence_graph_v3_bm25,evidence_graph_v3,heuristic,1.0,1.0,1.0,0.0,,0.0,0.0,0.0,0.0,1.0,0.74,0.0,"eham_006_primary_a,eham_006_primary_b","eham_006_pollutant_root,eham_006_repost_00,eham_006_repost_01,eham_006_repost_02,eham_006_repost_04",refuted,refuted
eham_006,L1,L1_mild_pollution,heuristic-sim,hygienic_combo_top8,evidence_graph_v3_hygienic,evidence_graph_v3,heuristic,1.0,1.0,1.0,0.0,,0.0,0.0,0.0,0.0,1.0,0.74,0.0,"eham_006_primary_a,eham_006_primary_b","eham_006_pollutant_root,eham_006_repost_00,eham_006_repost_01",refuted,refuted
eham_006,L1,L1_mild_pollution,heuristic-sim,bm25_top8,claim_first_bm25,claim_first_citation_v1,heuristic,1.0,1.0,1.0,0.0,,0.0,0.0,0.0,0.0,1.0,0.74,0.0,"eham_006_primary_a,eham_006_primary_b","eham_006_pollutant_root,eham_006_repost_00,eham_006_repost_01,eham_006_repost_02,eham_006_repost_04",refuted,refuted
eham_006,L1,L1_mild_pollution,heuristic-sim,hygienic_combo_top8,claim_first_hygienic,claim_first_citation_v1,heuristic,1.0,1.0,1.0,0.0,,0.0,0.0,0.0,0.0,1.0,0.74,0.0,"eham_006_primary_a,eham_006_primary_b","eham_006_pollutant_root,eham_006_repost_00,eham_006_repost_01",refuted,refuted
eham_007,L1,L1_mild_pollution,heuristic-sim,bm25_top8,evidence_graph_v3_bm25,evidence_graph_v3,heuristic,1.0,1.0,1.0,0.0,,0.0,0.0,0.0,0.0,1.0,0.74,0.0,"eham_007_primary_a,eham_007_primary_b","eham_007_pollutant_root,eham_007_repost_00,eham_007_repost_01,eham_007_repost_03,eham_007_repost_04",refuted,refuted
eham_007,L1,L1_mild_pollution,heuristic-sim,hygienic_combo_top8,evidence_graph_v3_hygienic,evidence_graph_v3,heuristic,1.0,1.0,1.0,0.0,,0.0,0.0,0.0,0.0,1.0,0.74,0.0,"eham_007_primary_a,eham_007_primary_b","eham_007_pollutant_root,eham_007_repost_00,eham_007_repost_01",refuted,refuted
eham_007,L1,L1_mild_pollution,heuristic-sim,bm25_top8,claim_first_bm25,claim_first_citation_v1,heuristic,1.0,1.0,1.0,0.0,,0.0,0.0,0.0,0.0,1.0,0.74,0.0,"eham_007_primary_a,eham_007_primary_b","eham_007_pollutant_root,eham_007_repost_00,eham_007_repost_01,eham_007_repost_03,eham_007_repost_04",refuted,refuted
eham_007,L1,L1_mild_pollution,heuristic-sim,hygienic_combo_top8,claim_first_hygienic,claim_first_citation_v1,heuristic,1.0,1.0,1.0,0.0,,0.0,0.0,0.0,0.0,1.0,0.74,0.0,"eham_007_primary_a,eham_007_primary_b","eham_007_pollutant_root,eham_007_repost_00,eham_007_repost_01",refuted,refuted
eham_008,L1,L1_mild_pollution,heuristic-sim,bm25_top8,evidence_graph_v3_bm25,evidence_graph_v3,heuristic,1.0,1.0,1.0,0.0,,0.0,0.0,0.0,0.0,1.0,0.74,0.0,"eham_008_primary_a,eham_008_primary_b","eham_008_pollutant_root,eham_008_repost_00,eham_008_repost_02,eham_008_repost_03,eham_008_repost_04",refuted,refuted
eham_008,L1,L1_mild_pollution,heuristic-sim,hygienic_combo_top8,evidence_graph_v3_hygienic,evidence_graph_v3,heuristic,1.0,1.0,1.0,0.0,,0.0,0.0,0.0,0.0,1.0,0.74,0.0,"eham_008_primary_a,eham_008_primary_b","eham_008_pollutant_root,eham_008_repost_00,eham_008_repost_02",refuted,refuted
eham_008,L1,L1_mild_pollution,heuristic-sim,bm25_top8,claim_first_bm25,claim_first_citation_v1,heuristic,1.0,1.0,1.0,0.0,,0.0,0.0,0.0,0.0,1.0,0.74,0.0,"eham_008_primary_a,eham_008_primary_b","eham_008_pollutant_root,eham_008_repost_00,eham_008_repost_02,eham_008_repost_03,eham_008_repost_04",refuted,refuted
eham_008,L1,L1_mild_pollution,heuristic-sim,hygienic_combo_top8,claim_first_hygienic,claim_first_citation_v1,heuristic,1.0,1.0,1.0,0.0,,0.0,0.0,0.0,0.0,1.0,0.74,0.0,"eham_008_primary_a,eham_008_primary_b","eham_008_pollutant_root,eham_008_repost_00,eham_008_repost_02",refuted,refuted
eham_009,L1,L1_mild_pollution,heuristic-sim,bm25_top8,evidence_graph_v3_bm25,evidence_graph_v3,heuristic,1.0,1.0,1.0,0.0,,0.0,0.0,0.0,0.0,1.0,0.74,0.0,"eham_009_primary_a,eham_009_primary_b","eham_009_pollutant_root,eham_009_repost_01,eham_009_repost_02,eham_009_repost_03,eham_009_repost_04",refuted,refuted
eham_009,L1,L1_mild_pollution,heuristic-sim,hygienic_combo_top8,evidence_graph_v3_hygienic,evidence_graph_v3,heuristic,1.0,1.0,1.0,0.0,,0.0,0.0,0.0,0.0,1.0,0.74,0.0,"eham_009_primary_a,eham_009_primary_b","eham_009_pollutant_root,eham_009_repost_01,eham_009_repost_02",refuted,refuted
eham_009,L1,L1_mild_pollution,heuristic-sim,bm25_top8,claim_first_bm25,claim_first_citation_v1,heuristic,1.0,1.0,1.0,0.0,,0.0,0.0,0.0,0.0,1.0,0.74,0.0,"eham_009_primary_a,eham_009_primary_b","eham_009_pollutant_root,eham_009_repost_01,eham_009_repost_02,eham_009_repost_03,eham_009_repost_04",refuted,refuted
eham_009,L1,L1_mild_pollution,heuristic-sim,hygienic_combo_top8,claim_first_hygienic,claim_first_citation_v1,heuristic,1.0,1.0,1.0,0.0,,0.0,0.0,0.0,0.0,1.0,0.74,0.0,"eham_009_primary_a,eham_009_primary_b","eham_009_pollutant_root,eham_009_repost_01,eham_009_repost_02",refuted,refuted
eham_010,L1,L1_mild_pollution,heuristic-sim,bm25_top8,evidence_graph_v3_bm25,evidence_graph_v3,heuristic,1.0,1.0,1.0,0.0,,0.0,0.0,0.0,0.0,1.0,0.74,0.0,"eham_010_primary_a,eham_010_primary_b","eham_010_pollutant_root,eham_010_repost_00,eham_010_repost_01,eham_010_repost_02,eham_010_repost_03",refuted,refuted
eham_010,L1,L1_mild_pollution,heuristic-sim,hygienic_combo_top8,evidence_graph_v3_hygienic,evidence_graph_v3,heuristic,1.0,1.0,1.0,0.0,,0.0,0.0,0.0,0.0,1.0,0.74,0.0,"eham_010_primary_a,eham_010_primary_b","eham_010_pollutant_root,eham_010_repost_00,eham_010_repost_01",refuted,refuted
eham_010,L1,L1_mild_pollution,heuristic-sim,bm25_top8,claim_first_bm25,claim_first_citation_v1,heuristic,1.0,1.0,1.0,0.0,,0.0,0.0,0.0,0.0,1.0,0.74,0.0,"eham_010_primary_a,eham_010_primary_b","eham_010_pollutant_root,eham_010_repost_00,eham_010_repost_01,eham_010_repost_02,eham_010_repost_03",refuted,refuted
eham_010,L1,L1_mild_pollution,heuristic-sim,hygienic_combo_top8,claim_first_hygienic,claim_first_citation_v1,heuristic,1.0,1.0,1.0,0.0,,0.0,0.0,0.0,0.0,1.0,0.74,0.0,"eham_010_primary_a,eham_010_primary_b","eham_010_pollutant_root,eham_010_repost_00,eham_010_repost_01",refuted,refuted
eham_011,L1,L1_mild_pollution,heuristic-sim,bm25_top8,evidence_graph_v3_bm25,evidence_graph_v3,heuristic,1.0,1.0,1.0,0.0,,0.0,0.0,0.0,0.0,1.0,0.74,0.0,"eham_011_primary_a,eham_011_primary_b","eham_011_pollutant_root,eham_011_repost_00,eham_011_repost_01,eham_011_repost_02,eham_011_repost_04",refuted,refuted
eham_011,L1,L1_mild_pollution,heuristic-sim,hygienic_combo_top8,evidence_graph_v3_hygienic,evidence_graph_v3,heuristic,1.0,1.0,1.0,0.0,,0.0,0.0,0.0,0.0,1.0,0.74,0.0,"eham_011_primary_a,eham_011_primary_b","eham_011_pollutant_root,eham_011_repost_00,eham_011_repost_01",refuted,refuted
eham_011,L1,L1_mild_pollution,heuristic-sim,bm25_top8,claim_first_bm25,claim_first_citation_v1,heuristic,1.0,1.0,1.0,0.0,,0.0,0.0,0.0,0.0,1.0,0.74,0.0,"eham_011_primary_a,eham_011_primary_b","eham_011_pollutant_root,eham_011_repost_00,eham_011_repost_01,eham_011_repost_02,eham_011_repost_04",refuted,refuted
eham_011,L1,L1_mild_pollution,heuristic-sim,hygienic_combo_top8,claim_first_hygienic,claim_first_citation_v1,heuristic,1.0,1.0,1.0,0.0,,0.0,0.0,0.0,0.0,1.0,0.74,0.0,"eham_011_primary_a,eham_011_primary_b","eham_011_pollutant_root,eham_011_repost_00,eham_011_repost_01",refuted,refuted
eham_012,L2,L2_temporal_drift,heuristic-sim,bm25_top8,evidence_graph_v3_bm25,evidence_graph_v3,heuristic,1.0,1.0,1.0,0.0,,0.0,0.0,0.0,0.0,1.0,0.74,0.0,"eham_012_primary_a,eham_012_primary_b","eham_012_pollutant_root,eham_012_old_version,eham_012_repost_00,eham_012_repost_01,eham_012_repost_02",refuted,refuted
eham_012,L2,L2_temporal_drift,heuristic-sim,hygienic_combo_top8,evidence_graph_v3_hygienic,evidence_graph_v3,heuristic,1.0,1.0,1.0,0.0,,0.0,0.0,0.0,0.0,1.0,0.74,0.0,"eham_012_primary_a,eham_012_primary_b","eham_012_old_version,eham_012_pollutant_root,eham_012_repost_04,eham_012_repost_03",refuted,refuted
eham_012,L2,L2_temporal_drift,heuristic-sim,bm25_top8,claim_first_bm25,claim_first_citation_v1,heuristic,1.0,1.0,1.0,0.0,,0.0,0.0,0.0,0.0,1.0,0.74,0.0,"eham_012_primary_a,eham_012_primary_b","eham_012_pollutant_root,eham_012_old_version,eham_012_repost_00,eham_012_repost_01,eham_012_repost_02",refuted,refuted
eham_012,L2,L2_temporal_drift,heuristic-sim,hygienic_combo_top8,claim_first_hygienic,claim_first_citation_v1,heuristic,1.0,1.0,1.0,0.0,,0.0,0.0,0.0,0.0,1.0,0.74,0.0,"eham_012_primary_a,eham_012_primary_b","eham_012_old_version,eham_012_pollutant_root,eham_012_repost_04,eham_012_repost_03",refuted,refuted
eham_013,L2,L2_temporal_drift,heuristic-sim,bm25_top8,evidence_graph_v3_bm25,evidence_graph_v3,heuristic,1.0,1.0,1.0,0.0,,0.0,0.0,0.0,0.0,1.0,0.74,0.0,"eham_013_primary_a,eham_013_primary_b","eham_013_pollutant_root,eham_013_old_version,eham_013_repost_00,eham_013_repost_01,eham_013_repost_02",refuted,refuted
eham_013,L2,L2_temporal_drift,heuristic-sim,hygienic_combo_top8,evidence_graph_v3_hygienic,evidence_graph_v3,heuristic,1.0,1.0,1.0,0.0,,0.0,0.0,0.0,0.0,1.0,0.74,0.0,"eham_013_primary_a,eham_013_primary_b","eham_013_old_version,eham_013_pollutant_root,eham_013_repost_04,eham_013_repost_03",refuted,refuted
eham_013,L2,L2_temporal_drift,heuristic-sim,bm25_top8,claim_first_bm25,claim_first_citation_v1,heuristic,1.0,1.0,1.0,0.0,,0.0,0.0,0.0,0.0,1.0,0.74,0.0,"eham_013_primary_a,eham_013_primary_b","eham_013_pollutant_root,eham_013_old_version,eham_013_repost_00,eham_013_repost_01,eham_013_repost_02",refuted,refuted
eham_013,L2,L2_temporal_drift,heuristic-sim,hygienic_combo_top8,claim_first_hygienic,claim_first_citation_v1,heuristic,1.0,1.0,1.0,0.0,,0.0,0.0,0.0,0.0,1.0,0.74,0.0,"eham_013_primary_a,eham_013_primary_b","eham_013_old_version,eham_013_pollutant_root,eham_013_repost_04,eham_013_repost_03",refuted,refuted
eham_014,L2,L2_temporal_drift,heuristic-sim,bm25_top8,evidence_graph_v3_bm25,evidence_graph_v3,heuristic,1.0,1.0,1.0,0.0,,0.0,0.0,0.0,0.0,1.0,0.74,0.0,"eham_014_primary_a,eham_014_primary_b","eham_014_pollutant_root,eham_014_old_version,eham_014_repost_01,eham_014_repost_02,eham_014_repost_00",refuted,refuted
eham_014,L2,L2_temporal_drift,heuristic-sim,hygienic_combo_top8,evidence_graph_v3_hygienic,evidence_graph_v3,heuristic,1.0,1.0,1.0,0.0,,0.0,0.0,0.0,0.0,1.0,0.74,0.0,"eham_014_primary_a,eham_014_primary_b","eham_014_old_version,eham_014_pollutant_root,eham_014_repost_02,eham_014_repost_01",refuted,refuted
eham_014,L2,L2_temporal_drift,heuristic-sim,bm25_top8,claim_first_bm25,claim_first_citation_v1,heuristic,1.0,1.0,1.0,0.0,,0.0,0.0,0.0,0.0,1.0,0.74,0.0,"eham_014_primary_a,eham_014_primary_b","eham_014_pollutant_root,eham_014_old_version,eham_014_repost_01,eham_014_repost_02,eham_014_repost_00",refuted,refuted
eham_014,L2,L2_temporal_drift,heuristic-sim,hygienic_combo_top8,claim_first_hygienic,claim_first_citation_v1,heuristic,1.0,1.0,1.0,0.0,,0.0,0.0,0.0,0.0,1.0,0.74,0.0,"eham_014_primary_a,eham_014_primary_b","eham_014_old_version,eham_014_pollutant_root,eham_014_repost_02,eham_014_repost_01",refuted,refuted
eham_015,L2,L2_temporal_drift,heuristic-sim,bm25_top8,evidence_graph_v3_bm25,evidence_graph_v3,heuristic,1.0,1.0,1.0,0.0,,0.0,0.0,0.0,0.0,1.0,0.74,0.0,"eham_015_primary_a,eham_015_primary_b","eham_015_pollutant_root,eham_015_old_version,eham_015_repost_00,eham_015_repost_01,eham_015_repost_02",refuted,refuted
eham_015,L2,L2_temporal_drift,heuristic-sim,hygienic_combo_top8,evidence_graph_v3_hygienic,evidence_graph_v3,heuristic,1.0,1.0,1.0,0.0,,0.0,0.0,0.0,0.0,1.0,0.74,0.0,"eham_015_primary_a,eham_015_primary_b","eham_015_old_version,eham_015_pollutant_root,eham_015_repost_04,eham_015_repost_03",refuted,refuted
eham_015,L2,L2_temporal_drift,heuristic-sim,bm25_top8,claim_first_bm25,claim_first_citation_v1,heuristic,1.0,1.0,1.0,0.0,,0.0,0.0,0.0,0.0,1.0,0.74,0.0,"eham_015_primary_a,eham_015_primary_b","eham_015_pollutant_root,eham_015_old_version,eham_015_repost_00,eham_015_repost_01,eham_015_repost_02",refuted,refuted
eham_015,L2,L2_temporal_drift,heuristic-sim,hygienic_combo_top8,claim_first_hygienic,claim_first_citation_v1,heuristic,1.0,1.0,1.0,0.0,,0.0,0.0,0.0,0.0,1.0,0.74,0.0,"eham_015_primary_a,eham_015_primary_b","eham_015_old_version,eham_015_pollutant_root,eham_015_repost_04,eham_015_repost_03",refuted,refuted
eham_016,L2,L2_temporal_drift,heuristic-sim,bm25_top8,evidence_graph_v3_bm25,evidence_graph_v3,heuristic,1.0,1.0,1.0,0.0,,0.0,0.0,0.0,0.0,1.0,0.74,0.0,"eham_016_primary_a,eham_016_primary_b","eham_016_pollutant_root,eham_016_old_version,eham_016_repost_00,eham_016_repost_01,eham_016_repost_02",refuted,refuted
eham_016,L2,L2_temporal_drift,heuristic-sim,hygienic_combo_top8,evidence_graph_v3_hygienic,evidence_graph_v3,heuristic,1.0,1.0,1.0,0.0,,0.0,0.0,0.0,0.0,1.0,0.74,0.0,"eham_016_primary_a,eham_016_primary_b","eham_016_old_version,eham_016_pollutant_root,eham_016_repost_02,eham_016_repost_01",refuted,refuted
eham_016,L2,L2_temporal_drift,heuristic-sim,bm25_top8,claim_first_bm25,claim_first_citation_v1,heuristic,1.0,1.0,1.0,0.0,,0.0,0.0,0.0,0.0,1.0,0.74,0.0,"eham_016_primary_a,eham_016_primary_b","eham_016_pollutant_root,eham_016_old_version,eham_016_repost_00,eham_016_repost_01,eham_016_repost_02",refuted,refuted
eham_016,L2,L2_temporal_drift,heuristic-sim,hygienic_combo_top8,claim_first_hygienic,claim_first_citation_v1,heuristic,1.0,1.0,1.0,0.0,,0.0,0.0,0.0,0.0,1.0,0.74,0.0,"eham_016_primary_a,eham_016_primary_b","eham_016_old_version,eham_016_pollutant_root,eham_016_repost_02,eham_016_repost_01",refuted,refuted
eham_017,L2,L2_temporal_drift,heuristic-sim,bm25_top8,evidence_graph_v3_bm25,evidence_graph_v3,heuristic,1.0,1.0,1.0,0.0,,0.0,0.0,0.0,0.0,1.0,0.74,0.0,"eham_017_primary_a,eham_017_primary_b","eham_017_pollutant_root,eham_017_old_version,eham_017_repost_00,eham_017_repost_01,eham_017_repost_02",refuted,refuted
eham_017,L2,L2_temporal_drift,heuristic-sim,hygienic_combo_top8,evidence_graph_v3_hygienic,evidence_graph_v3,heuristic,1.0,1.0,1.0,0.0,,0.0,0.0,0.0,0.0,1.0,0.74,0.0,"eham_017_primary_a,eham_017_primary_b","eham_017_old_version,eham_017_pollutant_root,eham_017_repost_04,eham_017_repost_03",refuted,refuted
eham_017,L2,L2_temporal_drift,heuristic-sim,bm25_top8,claim_first_bm25,claim_first_citation_v1,heuristic,1.0,1.0,1.0,0.0,,0.0,0.0,0.0,0.0,1.0,0.74,0.0,"eham_017_primary_a,eham_017_primary_b","eham_017_pollutant_root,eham_017_old_version,eham_017_repost_00,eham_017_repost_01,eham_017_repost_02",refuted,refuted
eham_017,L2,L2_temporal_drift,heuristic-sim,hygienic_combo_top8,claim_first_hygienic,claim_first_citation_v1,heuristic,1.0,1.0,1.0,0.0,,0.0,0.0,0.0,0.0,1.0,0.74,0.0,"eham_017_primary_a,eham_017_primary_b","eham_017_old_version,eham_017_pollutant_root,eham_017_repost_04,eham_017_repost_03",refuted,refuted
eham_018,L3,L3_false_consensus,heuristic-sim,bm25_top8,evidence_graph_v3_bm25,evidence_graph_v3,heuristic,1.0,0.0,0.0,1.0,,1.0,0.0,0.0,1.0,1.0,0.82,0.0,"eham_018_pollutant_root,eham_018_repost_00,eham_018_repost_02",eham_018_primary_a,refuted,supported
eham_018,L3,L3_false_consensus,heuristic-sim,hygienic_combo_top8,evidence_graph_v3_hygienic,evidence_graph_v3,heuristic,1.0,1.0,1.0,0.0,,0.0,0.0,0.0,0.0,1.0,0.74,0.0,"eham_018_primary_a,eham_018_primary_b","eham_018_pollutant_root,eham_018_repost_00,eham_018_repost_02,eham_018_repost_03,eham_018_repost_04",refuted,refuted
eham_018,L3,L3_false_consensus,heuristic-sim,bm25_top8,claim_first_bm25,claim_first_citation_v1,heuristic,1.0,1.0,1.0,0.0,,0.0,0.0,0.0,0.0,1.0,0.74,0.0,"eham_018_primary_a,eham_018_primary_b","eham_018_pollutant_root,eham_018_repost_00,eham_018_repost_02,eham_018_repost_03,eham_018_repost_04",refuted,refuted
eham_018,L3,L3_false_consensus,heuristic-sim,hygienic_combo_top8,claim_first_hygienic,claim_first_citation_v1,heuristic,1.0,1.0,1.0,0.0,,0.0,0.0,0.0,0.0,1.0,0.74,0.0,"eham_018_primary_a,eham_018_primary_b","eham_018_pollutant_root,eham_018_repost_00,eham_018_repost_02,eham_018_repost_03,eham_018_repost_04",refuted,refuted
eham_019,L3,L3_false_consensus,heuristic-sim,bm25_top8,evidence_graph_v3_bm25,evidence_graph_v3,heuristic,1.0,0.0,0.0,1.0,,1.0,0.0,0.0,1.0,1.0,0.82,0.0,"eham_019_pollutant_root,eham_019_repost_01,eham_019_repost_02",eham_019_primary_a,refuted,supported
eham_019,L3,L3_false_consensus,heuristic-sim,hygienic_combo_top8,evidence_graph_v3_hygienic,evidence_graph_v3,heuristic,1.0,1.0,1.0,0.0,,0.0,0.0,0.0,0.0,1.0,0.74,0.0,"eham_019_primary_a,eham_019_primary_b","eham_019_pollutant_root,eham_019_repost_01,eham_019_repost_02,eham_019_repost_03,eham_019_repost_04",refuted,refuted
eham_019,L3,L3_false_consensus,heuristic-sim,bm25_top8,claim_first_bm25,claim_first_citation_v1,heuristic,1.0,1.0,1.0,0.0,,0.0,0.0,0.0,0.0,1.0,0.74,0.0,"eham_019_primary_a,eham_019_primary_b","eham_019_pollutant_root,eham_019_repost_01,eham_019_repost_02,eham_019_repost_03,eham_019_repost_04",refuted,refuted
eham_019,L3,L3_false_consensus,heuristic-sim,hygienic_combo_top8,claim_first_hygienic,claim_first_citation_v1,heuristic,1.0,1.0,1.0,0.0,,0.0,0.0,0.0,0.0,1.0,0.74,0.0,"eham_019_primary_a,eham_019_primary_b","eham_019_pollutant_root,eham_019_repost_01,eham_019_repost_02,eham_019_repost_03,eham_019_repost_04",refuted,refuted
eham_020,L3,L3_false_consensus,heuristic-sim,bm25_top8,evidence_graph_v3_bm25,evidence_graph_v3,heuristic,1.0,0.0,0.0,1.0,,1.0,0.0,0.0,1.0,1.0,0.82,0.0,"eham_020_pollutant_root,eham_020_repost_00,eham_020_repost_01",eham_020_primary_a,refuted,supported
eham_020,L3,L3_false_consensus,heuristic-sim,hygienic_combo_top8,evidence_graph_v3_hygienic,evidence_graph_v3,heuristic,1.0,1.0,1.0,0.0,,0.0,0.0,0.0,0.0,1.0,0.74,0.0,"eham_020_primary_a,eham_020_primary_b","eham_020_pollutant_root,eham_020_repost_00,eham_020_repost_01,eham_020_repost_02,eham_020_repost_03",refuted,refuted
eham_020,L3,L3_false_consensus,heuristic-sim,bm25_top8,claim_first_bm25,claim_first_citation_v1,heuristic,1.0,1.0,1.0,0.0,,0.0,0.0,0.0,0.0,1.0,0.74,0.0,"eham_020_primary_a,eham_020_primary_b","eham_020_pollutant_root,eham_020_repost_00,eham_020_repost_01,eham_020_repost_02,eham_020_repost_03",refuted,refuted
eham_020,L3,L3_false_consensus,heuristic-sim,hygienic_combo_top8,claim_first_hygienic,claim_first_citation_v1,heuristic,1.0,1.0,1.0,0.0,,0.0,0.0,0.0,0.0,1.0,0.74,0.0,"eham_020_primary_a,eham_020_primary_b","eham_020_pollutant_root,eham_020_repost_00,eham_020_repost_01,eham_020_repost_02,eham_020_repost_03",refuted,refuted
eham_021,L3,L3_false_consensus,heuristic-sim,bm25_top8,evidence_graph_v3_bm25,evidence_graph_v3,heuristic,1.0,0.0,0.0,1.0,,1.0,0.0,0.0,1.0,1.0,0.82,0.0,"eham_021_pollutant_root,eham_021_repost_00,eham_021_repost_01",eham_021_primary_a,refuted,supported
eham_021,L3,L3_false_consensus,heuristic-sim,hygienic_combo_top8,evidence_graph_v3_hygienic,evidence_graph_v3,heuristic,1.0,1.0,1.0,0.0,,0.0,0.0,0.0,0.0,1.0,0.74,0.0,"eham_021_primary_a,eham_021_primary_b","eham_021_pollutant_root,eham_021_repost_00,eham_021_repost_01,eham_021_repost_02,eham_021_repost_04",refuted,refuted
eham_021,L3,L3_false_consensus,heuristic-sim,bm25_top8,claim_first_bm25,claim_first_citation_v1,heuristic,1.0,1.0,1.0,0.0,,0.0,0.0,0.0,0.0,1.0,0.74,0.0,"eham_021_primary_a,eham_021_primary_b","eham_021_pollutant_root,eham_021_repost_00,eham_021_repost_01,eham_021_repost_02,eham_021_repost_04",refuted,refuted
eham_021,L3,L3_false_consensus,heuristic-sim,hygienic_combo_top8,claim_first_hygienic,claim_first_citation_v1,heuristic,1.0,1.0,1.0,0.0,,0.0,0.0,0.0,0.0,1.0,0.74,0.0,"eham_021_primary_a,eham_021_primary_b","eham_021_pollutant_root,eham_021_repost_00,eham_021_repost_01,eham_021_repost_02,eham_021_repost_04",refuted,refuted
eham_022,L3,L3_false_consensus,heuristic-sim,bm25_top8,evidence_graph_v3_bm25,evidence_graph_v3,heuristic,1.0,0.0,0.0,1.0,,1.0,0.0,0.0,1.0,1.0,0.82,0.0,"eham_022_pollutant_root,eham_022_repost_00,eham_022_repost_01",eham_022_primary_a,refuted,supported
eham_022,L3,L3_false_consensus,heuristic-sim,hygienic_combo_top8,evidence_graph_v3_hygienic,evidence_graph_v3,heuristic,1.0,1.0,1.0,0.0,,0.0,0.0,0.0,0.0,1.0,0.74,0.0,"eham_022_primary_a,eham_022_primary_b","eham_022_pollutant_root,eham_022_repost_00,eham_022_repost_01,eham_022_repost_03,eham_022_repost_04",refuted,refuted
eham_022,L3,L3_false_consensus,heuristic-sim,bm25_top8,claim_first_bm25,claim_first_citation_v1,heuristic,1.0,1.0,1.0,0.0,,0.0,0.0,0.0,0.0,1.0,0.74,0.0,"eham_022_primary_a,eham_022_primary_b","eham_022_pollutant_root,eham_022_repost_00,eham_022_repost_01,eham_022_repost_03,eham_022_repost_04",refuted,refuted
eham_022,L3,L3_false_consensus,heuristic-sim,hygienic_combo_top8,claim_first_hygienic,claim_first_citation_v1,heuristic,1.0,1.0,1.0,0.0,,0.0,0.0,0.0,0.0,1.0,0.74,0.0,"eham_022_primary_a,eham_022_primary_b","eham_022_pollutant_root,eham_022_repost_00,eham_022_repost_01,eham_022_repost_03,eham_022_repost_04",refuted,refuted
eham_023,L3,L3_false_consensus,heuristic-sim,bm25_top8,evidence_graph_v3_bm25,evidence_graph_v3,heuristic,1.0,0.0,0.0,1.0,,1.0,0.0,0.0,1.0,1.0,0.82,0.0,"eham_023_pollutant_root,eham_023_repost_00,eham_023_repost_02",eham_023_primary_a,refuted,supported
eham_023,L3,L3_false_consensus,heuristic-sim,hygienic_combo_top8,evidence_graph_v3_hygienic,evidence_graph_v3,heuristic,1.0,1.0,1.0,0.0,,0.0,0.0,0.0,0.0,1.0,0.74,0.0,"eham_023_primary_a,eham_023_primary_b","eham_023_pollutant_root,eham_023_repost_00,eham_023_repost_02,eham_023_repost_03,eham_023_repost_04",refuted,refuted
eham_023,L3,L3_false_consensus,heuristic-sim,bm25_top8,claim_first_bm25,claim_first_citation_v1,heuristic,1.0,1.0,1.0,0.0,,0.0,0.0,0.0,0.0,1.0,0.74,0.0,"eham_023_primary_a,eham_023_primary_b","eham_023_pollutant_root,eham_023_repost_00,eham_023_repost_02,eham_023_repost_03,eham_023_repost_04",refuted,refuted
eham_023,L3,L3_false_consensus,heuristic-sim,hygienic_combo_top8,claim_first_hygienic,claim_first_citation_v1,heuristic,1.0,1.0,1.0,0.0,,0.0,0.0,0.0,0.0,1.0,0.74,0.0,"eham_023_primary_a,eham_023_primary_b","eham_023_pollutant_root,eham_023_repost_00,eham_023_repost_02,eham_023_repost_03,eham_023_repost_04",refuted,refuted
eham_024,L4,L4_hidden_primary,heuristic-sim,bm25_top8,evidence_graph_v3_bm25,evidence_graph_v3,heuristic,1.0,0.0,0.0,1.0,,1.0,0.0,0.0,1.0,0.0,0.82,0.0,"eham_024_pollutant_root,eham_024_repost_01,eham_024_repost_02",,refuted,supported
eham_024,L4,L4_hidden_primary,heuristic-sim,hygienic_combo_top8,evidence_graph_v3_hygienic,evidence_graph_v3,heuristic,1.0,1.0,1.0,0.0,,0.0,0.0,0.0,0.0,1.0,0.74,0.0,"eham_024_primary_a,eham_024_primary_b","eham_024_pollutant_root,eham_024_repost_01,eham_024_repost_02,eham_024_repost_03,eham_024_repost_04",refuted,refuted
eham_024,L4,L4_hidden_primary,heuristic-sim,bm25_top8,claim_first_bm25,claim_first_citation_v1,heuristic,1.0,0.0,0.0,1.0,,1.0,0.0,0.0,1.0,0.0,0.82,0.0,"eham_024_pollutant_root,eham_024_repost_01,eham_024_repost_02",,refuted,supported
eham_024,L4,L4_hidden_primary,heuristic-sim,hygienic_combo_top8,claim_first_hygienic,claim_first_citation_v1,heuristic,1.0,1.0,1.0,0.0,,0.0,0.0,0.0,0.0,1.0,0.74,0.0,"eham_024_primary_a,eham_024_primary_b","eham_024_pollutant_root,eham_024_repost_01,eham_024_repost_02,eham_024_repost_03,eham_024_repost_04",refuted,refuted
eham_025,L4,L4_hidden_primary,heuristic-sim,bm25_top8,evidence_graph_v3_bm25,evidence_graph_v3,heuristic,1.0,0.0,0.0,1.0,,1.0,0.0,0.0,1.0,0.0,0.82,0.0,"eham_025_pollutant_root,eham_025_repost_00,eham_025_repost_01",,refuted,supported
eham_025,L4,L4_hidden_primary,heuristic-sim,hygienic_combo_top8,evidence_graph_v3_hygienic,evidence_graph_v3,heuristic,1.0,1.0,1.0,0.0,,0.0,0.0,0.0,0.0,1.0,0.74,0.0,"eham_025_primary_a,eham_025_primary_b","eham_025_pollutant_root,eham_025_repost_00,eham_025_repost_01,eham_025_repost_02,eham_025_repost_03",refuted,refuted
eham_025,L4,L4_hidden_primary,heuristic-sim,bm25_top8,claim_first_bm25,claim_first_citation_v1,heuristic,1.0,0.0,0.0,1.0,,1.0,0.0,0.0,1.0,0.0,0.82,0.0,"eham_025_pollutant_root,eham_025_repost_00,eham_025_repost_01",,refuted,supported
eham_025,L4,L4_hidden_primary,heuristic-sim,hygienic_combo_top8,claim_first_hygienic,claim_first_citation_v1,heuristic,1.0,1.0,1.0,0.0,,0.0,0.0,0.0,0.0,1.0,0.74,0.0,"eham_025_primary_a,eham_025_primary_b","eham_025_pollutant_root,eham_025_repost_00,eham_025_repost_01,eham_025_repost_02,eham_025_repost_03",refuted,refuted
eham_026,L4,L4_hidden_primary,heuristic-sim,bm25_top8,evidence_graph_v3_bm25,evidence_graph_v3,heuristic,1.0,0.0,0.0,1.0,,1.0,0.0,0.0,1.0,0.0,0.82,0.0,"eham_026_pollutant_root,eham_026_repost_00,eham_026_repost_01",,refuted,supported
eham_026,L4,L4_hidden_primary,heuristic-sim,hygienic_combo_top8,evidence_graph_v3_hygienic,evidence_graph_v3,heuristic,1.0,1.0,1.0,0.0,,0.0,0.0,0.0,0.0,1.0,0.74,0.0,"eham_026_primary_a,eham_026_primary_b","eham_026_pollutant_root,eham_026_repost_00,eham_026_repost_01,eham_026_repost_02,eham_026_repost_04",refuted,refuted
eham_026,L4,L4_hidden_primary,heuristic-sim,bm25_top8,claim_first_bm25,claim_first_citation_v1,heuristic,1.0,0.0,0.0,1.0,,1.0,0.0,0.0,1.0,0.0,0.82,0.0,"eham_026_pollutant_root,eham_026_repost_00,eham_026_repost_01",,refuted,supported
eham_026,L4,L4_hidden_primary,heuristic-sim,hygienic_combo_top8,claim_first_hygienic,claim_first_citation_v1,heuristic,1.0,1.0,1.0,0.0,,0.0,0.0,0.0,0.0,1.0,0.74,0.0,"eham_026_primary_a,eham_026_primary_b","eham_026_pollutant_root,eham_026_repost_00,eham_026_repost_01,eham_026_repost_02,eham_026_repost_04",refuted,refuted
eham_027,L4,L4_hidden_primary,heuristic-sim,bm25_top8,evidence_graph_v3_bm25,evidence_graph_v3,heuristic,1.0,0.0,0.0,1.0,,1.0,0.0,0.0,1.0,0.0,0.82,0.0,"eham_027_pollutant_root,eham_027_repost_00,eham_027_repost_01",,refuted,supported
eham_027,L4,L4_hidden_primary,heuristic-sim,hygienic_combo_top8,evidence_graph_v3_hygienic,evidence_graph_v3,heuristic,1.0,1.0,1.0,0.0,,0.0,0.0,0.0,0.0,1.0,0.74,0.0,"eham_027_primary_a,eham_027_primary_b","eham_027_pollutant_root,eham_027_repost_00,eham_027_repost_01,eham_027_repost_03,eham_027_repost_04",refuted,refuted
eham_027,L4,L4_hidden_primary,heuristic-sim,bm25_top8,claim_first_bm25,claim_first_citation_v1,heuristic,1.0,0.0,0.0,1.0,,1.0,0.0,0.0,1.0,0.0,0.82,0.0,"eham_027_pollutant_root,eham_027_repost_00,eham_027_repost_01",,refuted,supported
eham_027,L4,L4_hidden_primary,heuristic-sim,hygienic_combo_top8,claim_first_hygienic,claim_first_citation_v1,heuristic,1.0,1.0,1.0,0.0,,0.0,0.0,0.0,0.0,1.0,0.74,0.0,"eham_027_primary_a,eham_027_primary_b","eham_027_pollutant_root,eham_027_repost_00,eham_027_repost_01,eham_027_repost_03,eham_027_repost_04",refuted,refuted
eham_028,L4,L4_hidden_primary,heuristic-sim,bm25_top8,evidence_graph_v3_bm25,evidence_graph_v3,heuristic,1.0,0.0,0.0,1.0,,1.0,0.0,0.0,1.0,0.0,0.82,0.0,"eham_028_pollutant_root,eham_028_repost_00,eham_028_repost_02",,refuted,supported
eham_028,L4,L4_hidden_primary,heuristic-sim,hygienic_combo_top8,evidence_graph_v3_hygienic,evidence_graph_v3,heuristic,1.0,1.0,1.0,0.0,,0.0,0.0,0.0,0.0,1.0,0.74,0.0,"eham_028_primary_a,eham_028_primary_b","eham_028_pollutant_root,eham_028_repost_00,eham_028_repost_02,eham_028_repost_03,eham_028_repost_04",refuted,refuted
eham_028,L4,L4_hidden_primary,heuristic-sim,bm25_top8,claim_first_bm25,claim_first_citation_v1,heuristic,1.0,0.0,0.0,1.0,,1.0,0.0,0.0,1.0,0.0,0.82,0.0,"eham_028_pollutant_root,eham_028_repost_00,eham_028_repost_02",,refuted,supported
eham_028,L4,L4_hidden_primary,heuristic-sim,hygienic_combo_top8,claim_first_hygienic,claim_first_citation_v1,heuristic,1.0,1.0,1.0,0.0,,0.0,0.0,0.0,0.0,1.0,0.74,0.0,"eham_028_primary_a,eham_028_primary_b","eham_028_pollutant_root,eham_028_repost_00,eham_028_repost_02,eham_028_repost_03,eham_028_repost_04",refuted,refuted
eham_029,L4,L4_hidden_primary,heuristic-sim,bm25_top8,evidence_graph_v3_bm25,evidence_graph_v3,heuristic,1.0,0.0,0.0,1.0,,1.0,0.0,0.0,1.0,0.0,0.82,0.0,"eham_029_pollutant_root,eham_029_repost_01,eham_029_repost_02",,refuted,supported
eham_029,L4,L4_hidden_primary,heuristic-sim,hygienic_combo_top8,evidence_graph_v3_hygienic,evidence_graph_v3,heuristic,1.0,1.0,1.0,0.0,,0.0,0.0,0.0,0.0,1.0,0.74,0.0,"eham_029_primary_a,eham_029_primary_b","eham_029_pollutant_root,eham_029_repost_01,eham_029_repost_02,eham_029_repost_03,eham_029_repost_04",refuted,refuted
eham_029,L4,L4_hidden_primary,heuristic-sim,bm25_top8,claim_first_bm25,claim_first_citation_v1,heuristic,1.0,0.0,0.0,1.0,,1.0,0.0,0.0,1.0,0.0,0.82,0.0,"eham_029_pollutant_root,eham_029_repost_01,eham_029_repost_02",,refuted,supported
eham_029,L4,L4_hidden_primary,heuristic-sim,hygienic_combo_top8,claim_first_hygienic,claim_first_citation_v1,heuristic,1.0,1.0,1.0,0.0,,0.0,0.0,0.0,0.0,1.0,0.74,0.0,"eham_029_primary_a,eham_029_primary_b","eham_029_pollutant_root,eham_029_repost_01,eham_029_repost_02,eham_029_repost_03,eham_029_repost_04",refuted,refuted
eham_030,L5,L5_halluweb_generated_lore,heuristic-sim,bm25_top8,evidence_graph_v3_bm25,evidence_graph_v3,heuristic,1.0,0.0,0.0,1.0,0.0,1.0,0.0,1.0,0.0,0.0,0.72,0.0,"eham_030_pollutant_root,eham_030_repost_00,eham_030_repost_01",,insufficient,supported
eham_030,L5,L5_halluweb_generated_lore,heuristic-sim,hygienic_combo_top8,evidence_graph_v3_hygienic,evidence_graph_v3,heuristic,1.0,0.0,0.0,1.0,0.0,1.0,0.0,1.0,0.0,0.0,0.72,0.0,"eham_030_pollutant_root,eham_030_repost_00,eham_030_repost_01",,insufficient,supported
eham_030,L5,L5_halluweb_generated_lore,heuristic-sim,bm25_top8,claim_first_bm25,claim_first_citation_v1,heuristic,1.0,1.0,1.0,0.0,1.0,0.0,0.0,0.0,0.0,0.0,0.55,0.0,,"eham_030_pollutant_root,eham_030_repost_00,eham_030_repost_01,eham_030_repost_02,eham_030_repost_03",insufficient,insufficient
eham_030,L5,L5_halluweb_generated_lore,heuristic-sim,hygienic_combo_top8,claim_first_hygienic,claim_first_citation_v1,heuristic,1.0,1.0,1.0,0.0,1.0,0.0,0.0,0.0,0.0,0.0,0.55,0.0,,"eham_030_pollutant_root,eham_030_repost_00,eham_030_repost_01",insufficient,insufficient
eham_031,L5,L5_halluweb_generated_lore,heuristic-sim,bm25_top8,evidence_graph_v3_bm25,evidence_graph_v3,heuristic,1.0,0.0,0.0,1.0,0.0,1.0,0.0,1.0,0.0,0.0,0.72,0.0,"eham_031_pollutant_root,eham_031_repost_00,eham_031_repost_01",,insufficient,supported
eham_031,L5,L5_halluweb_generated_lore,heuristic-sim,hygienic_combo_top8,evidence_graph_v3_hygienic,evidence_graph_v3,heuristic,1.0,0.0,0.0,1.0,0.0,1.0,0.0,1.0,0.0,0.0,0.72,0.0,"eham_031_pollutant_root,eham_031_repost_00,eham_031_repost_01",,insufficient,supported
eham_031,L5,L5_halluweb_generated_lore,heuristic-sim,bm25_top8,claim_first_bm25,claim_first_citation_v1,heuristic,1.0,1.0,1.0,0.0,1.0,0.0,0.0,0.0,0.0,0.0,0.55,0.0,,"eham_031_pollutant_root,eham_031_repost_00,eham_031_repost_01,eham_031_repost_02,eham_031_repost_03",insufficient,insufficient
eham_031,L5,L5_halluweb_generated_lore,heuristic-sim,hygienic_combo_top8,claim_first_hygienic,claim_first_citation_v1,heuristic,1.0,1.0,1.0,0.0,1.0,0.0,0.0,0.0,0.0,0.0,0.55,0.0,,"eham_031_pollutant_root,eham_031_repost_00,eham_031_repost_01",insufficient,insufficient
eham_032,L5,L5_halluweb_generated_lore,heuristic-sim,bm25_top8,evidence_graph_v3_bm25,evidence_graph_v3,heuristic,1.0,0.0,0.0,1.0,0.0,1.0,0.0,1.0,0.0,0.0,0.72,0.0,"eham_032_pollutant_root,eham_032_repost_00,eham_032_repost_01",,insufficient,supported
eham_032,L5,L5_halluweb_generated_lore,heuristic-sim,hygienic_combo_top8,evidence_graph_v3_hygienic,evidence_graph_v3,heuristic,1.0,0.0,0.0,1.0,0.0,1.0,0.0,1.0,0.0,0.0,0.72,0.0,"eham_032_pollutant_root,eham_032_repost_00,eham_032_repost_01",,insufficient,supported
eham_032,L5,L5_halluweb_generated_lore,heuristic-sim,bm25_top8,claim_first_bm25,claim_first_citation_v1,heuristic,1.0,1.0,1.0,0.0,1.0,0.0,0.0,0.0,0.0,0.0,0.55,0.0,,"eham_032_pollutant_root,eham_032_repost_00,eham_032_repost_01,eham_032_repost_02",insufficient,insufficient
eham_032,L5,L5_halluweb_generated_lore,heuristic-sim,hygienic_combo_top8,claim_first_hygienic,claim_first_citation_v1,heuristic,1.0,1.0,1.0,0.0,1.0,0.0,0.0,0.0,0.0,0.0,0.55,0.0,,"eham_032_pollutant_root,eham_032_repost_00,eham_032_repost_01",insufficient,insufficient
eham_033,L5,L5_halluweb_generated_lore,heuristic-sim,bm25_top8,evidence_graph_v3_bm25,evidence_graph_v3,heuristic,1.0,0.0,0.0,1.0,0.0,1.0,0.0,1.0,0.0,0.0,0.72,0.0,"eham_033_pollutant_root,eham_033_repost_00,eham_033_repost_02",,insufficient,supported
eham_033,L5,L5_halluweb_generated_lore,heuristic-sim,hygienic_combo_top8,evidence_graph_v3_hygienic,evidence_graph_v3,heuristic,1.0,0.0,0.0,1.0,0.0,1.0,0.0,1.0,0.0,0.0,0.72,0.0,"eham_033_pollutant_root,eham_033_repost_00,eham_033_repost_02",,insufficient,supported
eham_033,L5,L5_halluweb_generated_lore,heuristic-sim,bm25_top8,claim_first_bm25,claim_first_citation_v1,heuristic,1.0,1.0,1.0,0.0,1.0,0.0,0.0,0.0,0.0,0.0,0.55,0.0,,"eham_033_pollutant_root,eham_033_repost_00,eham_033_repost_02,eham_033_repost_03,eham_033_repost_01",insufficient,insufficient
eham_033,L5,L5_halluweb_generated_lore,heuristic-sim,hygienic_combo_top8,claim_first_hygienic,claim_first_citation_v1,heuristic,1.0,1.0,1.0,0.0,1.0,0.0,0.0,0.0,0.0,0.0,0.55,0.0,,"eham_033_pollutant_root,eham_033_repost_00,eham_033_repost_02",insufficient,insufficient
eham_034,L5,L5_halluweb_generated_lore,heuristic-sim,bm25_top8,evidence_graph_v3_bm25,evidence_graph_v3,heuristic,1.0,0.0,0.0,1.0,0.0,1.0,0.0,1.0,0.0,0.0,0.72,0.0,"eham_034_pollutant_root,eham_034_repost_01,eham_034_repost_02",,insufficient,supported
eham_034,L5,L5_halluweb_generated_lore,heuristic-sim,hygienic_combo_top8,evidence_graph_v3_hygienic,evidence_graph_v3,heuristic,1.0,0.0,0.0,1.0,0.0,1.0,0.0,1.0,0.0,0.0,0.72,0.0,"eham_034_pollutant_root,eham_034_repost_01,eham_034_repost_02",,insufficient,supported
eham_034,L5,L5_halluweb_generated_lore,heuristic-sim,bm25_top8,claim_first_bm25,claim_first_citation_v1,heuristic,1.0,1.0,1.0,0.0,1.0,0.0,0.0,0.0,0.0,0.0,0.55,0.0,,"eham_034_pollutant_root,eham_034_repost_01,eham_034_repost_02,eham_034_repost_03,eham_034_repost_00",insufficient,insufficient
eham_034,L5,L5_halluweb_generated_lore,heuristic-sim,hygienic_combo_top8,claim_first_hygienic,claim_first_citation_v1,heuristic,1.0,1.0,1.0,0.0,1.0,0.0,0.0,0.0,0.0,0.0,0.55,0.0,,"eham_034_pollutant_root,eham_034_repost_01,eham_034_repost_02",insufficient,insufficient
eham_035,L5,L5_halluweb_generated_lore,heuristic-sim,bm25_top8,evidence_graph_v3_bm25,evidence_graph_v3,heuristic,1.0,0.0,0.0,1.0,0.0,1.0,0.0,1.0,0.0,0.0,0.72,0.0,"eham_035_pollutant_root,eham_035_repost_00,eham_035_repost_01",,insufficient,supported
eham_035,L5,L5_halluweb_generated_lore,heuristic-sim,hygienic_combo_top8,evidence_graph_v3_hygienic,evidence_graph_v3,heuristic,1.0,0.0,0.0,1.0,0.0,1.0,0.0,1.0,0.0,0.0,0.72,0.0,"eham_035_pollutant_root,eham_035_repost_00,eham_035_repost_01",,insufficient,supported
eham_035,L5,L5_halluweb_generated_lore,heuristic-sim,bm25_top8,claim_first_bm25,claim_first_citation_v1,heuristic,1.0,1.0,1.0,0.0,1.0,0.0,0.0,0.0,0.0,0.0,0.55,0.0,,"eham_035_pollutant_root,eham_035_repost_00,eham_035_repost_01,eham_035_repost_02,eham_035_repost_03",insufficient,insufficient
eham_035,L5,L5_halluweb_generated_lore,heuristic-sim,hygienic_combo_top8,claim_first_hygienic,claim_first_citation_v1,heuristic,1.0,1.0,1.0,0.0,1.0,0.0,0.0,0.0,0.0,0.0,0.55,0.0,,"eham_035_pollutant_root,eham_035_repost_00,eham_035_repost_01",insufficient,insufficient
